participant_id,participant_uniquename,ranking,reason,timestamp
28cb77cc41a3c396,abdulazm,A > B,Better explains the errors in my strategy; Other: Better explains what parts I neglected to mention in my explanation and makes sense.,2025-10-25 03:25:04
7f5cd14b8fdedf52,bae124,A > B,Helps me better understand the concept; Better explains the errors in my strategy,2025-10-25 03:25:08
7b12b4cb3a5d999f,pate2687,B > A,Helps me better understand the concept; Other: Goes in chronological order and explains the process as the motion happens,2025-10-25 03:25:19
f09c658981a2df2f,jgropp,B > A,Aligns better with my level of knowledge; Other: Option A is too hard to understand but option B doesn't really tell me what I did wrong.,2025-10-25 03:25:33
d1a1187e0164e576,mukhe119,B > A,Helps me better understand the concept; Better explains the errors in my strategy,2025-10-25 03:25:51
eacfb7d4cbfaf9d2,mill4400,B > A,Helps me better understand the concept; Aligns better with my level of knowledge,2025-10-25 03:25:54
def09c155bb0d318,vbaranet,B > A,Helps me better understand the concept; Better explains the errors in my strategy; Aligns better with my level of knowledge,2025-10-25 03:26:31
a798c587a4314c8a,ostern,B > A,Helps me better understand the concept,2025-10-25 03:26:45
79e7901d8025de2d,hu1051,A > B,Helps me better understand the concept; Better explains the errors in my strategy; Aligns better with my level of knowledge,2025-10-25 03:26:48
4e504f8074875e0c,singha6,A > B,Helps me better understand the concept; Aligns better with my level of knowledge,2025-10-25 03:26:51
80d69e3f92d6d569,sherma66,A > B,Helps me better understand the concept,2025-10-25 03:27:06
eacfb7d4cbfaf9d2,mill4400,B > A,Helps me better understand the concept; Better explains the errors in my strategy; Aligns better with my level of knowledge,2025-10-25 03:27:15
26a0f060e249a030,westerme,B > A,Helps me better understand the concept; Better explains the errors in my strategy,2025-10-25 03:27:20
8039b95b4dd735ee,gbenish,A > B,Helps me better understand the concept; Aligns better with my level of knowledge; Other: Feedback A is more straightforward and easier to understand than feedback B. It uses simpler terms and I can follow the logic better. Feedback B starts to confuse me because it is not as straightforward and is more complicated/uses more specific terms than feedback A.,2025-10-25 03:27:20
eacfb7d4cbfaf9d2,mill4400,B > A,Helps me better understand the concept; Better explains the errors in my strategy; Aligns better with my level of knowledge,2025-10-25 03:27:27
25278602fe13e7d4,hhuseynl,A > B,Helps me better understand the concept; Better explains the errors in my strategy,2025-10-25 03:27:27
fb375f3313415c6c,enaviaux,B > A,Helps me better understand the concept; Better explains the errors in my strategy; Aligns better with my level of knowledge,2025-10-25 03:28:05
6e2e669fcdbe14c0,swankc,B > A,Better explains the errors in my strategy; Other: The answer is incorrect,2025-10-25 03:28:48
5a71f511be412447,harr1611,A > B,Better explains the errors in my strategy,2025-10-25 03:28:52
6e2e669fcdbe14c0,swankc,B > A,Helps me better understand the concept; Better explains the errors in my strategy,2025-10-25 03:29:08
6c6a070023a1d494,nvambene,A > B,Better explains the errors in my strategy,2025-10-25 03:29:36
9743c58c7c02003f,chian146,B > A,"Better explains the errors in my strategy; Other: A just gave me the answer, but it doesn't tell me what's wrong. B tells me what I did wrong, which is very helpful. It doesn't explain the error well, but I still prefer it straight up telling me what's wrong versus A going through everything.",2025-10-25 03:29:49
5b68bc32d6d533d3,haase8,A > B,Helps me better understand the concept; Better explains the errors in my strategy; Aligns better with my level of knowledge,2025-10-25 03:29:56
c2f108fc3382fcd7,chung409,B > A,Helps me better understand the concept; Aligns better with my level of knowledge,2025-10-25 03:30:01
2b24bb00dadd4b74,asteeves,A > B,Aligns better with my level of knowledge,2025-10-25 03:30:02
f011edd3afc52fcd,agarw574,A > B,Better explains the errors in my strategy,2025-10-25 03:30:19
aac39aa7c8b6f78e,siddiquj,A > B,Helps me better understand the concept; Better explains the errors in my strategy,2025-10-25 03:30:32
c2f108fc3382fcd7,chung409,B > A,Helps me better understand the concept; Aligns better with my level of knowledge,2025-10-25 03:30:37
f011edd3afc52fcd,agarw574,A > B,Helps me better understand the concept,2025-10-25 03:30:58
9550ccc7eb91e9af,appel5,B > A,Helps me better understand the concept; Aligns better with my level of knowledge; Other: Neither directly state what I did wrong. They just tell me how to do it.,2025-10-25 03:31:37
caa42d5739f06212,schwa318,B > A,Better explains the errors in my strategy,2025-10-25 03:31:48
caa42d5739f06212,schwa318,B > A,Better explains the errors in my strategy,2025-10-25 03:32:02
88d47f48604b4973,vo49,B > A,Helps me better understand the concept,2025-10-25 03:32:20
2751e1ef127314e6,melag,A > B,Helps me better understand the concept,2025-10-25 03:33:10
d806ef3596dbc3ea,mxanthop,B > A,Helps me better understand the concept; Aligns better with my level of knowledge,2025-10-25 03:34:48
715e7f8e5636cd5d,freem128,A > B,Helps me better understand the concept; Aligns better with my level of knowledge,2025-10-25 03:35:19
06d29975a2e9127c,sparks75,B > A,Helps me better understand the concept; Better explains the errors in my strategy,2025-10-25 03:35:36
2102f565125daefd,brow2736,A > B,Other: The feedback in A is more concise and straightforward than B.,2025-10-25 03:35:42
d806ef3596dbc3ea,mxanthop,B > A,Helps me better understand the concept; Aligns better with my level of knowledge; Other: It gives a bit more details of what it suggests helping me understand more definitively of what I should do differently.,2025-10-25 03:35:43
f5eaf56e02b2542d,rames139,A > B,Better explains the errors in my strategy; Aligns better with my level of knowledge,2025-10-25 03:35:53
f5eaf56e02b2542d,rames139,A > B,Helps me better understand the concept,2025-10-25 03:36:01
f9272948aaa2f170,thom1393,A > B,Helps me better understand the concept,2025-10-25 03:36:01
f5eaf56e02b2542d,rames139,A > B,Helps me better understand the concept; Aligns better with my level of knowledge,2025-10-25 03:36:10
f5eaf56e02b2542d,rames139,A > B,Helps me better understand the concept; Better explains the errors in my strategy; Aligns better with my level of knowledge,2025-10-25 03:36:21
c4412f41806ca54e,wang6835,A > B,Helps me better understand the concept; Better explains the errors in my strategy,2025-10-25 03:36:28
4b257f1ee59da6eb,gupt1441,A > B,Helps me better understand the concept; Aligns better with my level of knowledge,2025-10-25 03:36:42
9fbfb7be3798ffad,liu4353,B > A,Helps me better understand the concept; Better explains the errors in my strategy,2025-10-25 03:36:46
d7562444aa2ad86a,jkandulu,A > B,Helps me better understand the concept; Better explains the errors in my strategy,2025-10-25 03:37:12
2102f565125daefd,brow2736,A > B,"Other: I prefer A over B, as it is more concise and direct with its feedback.",2025-10-25 03:37:51
d58408ed0c9d965d,ravisha7,B > A,Helps me better understand the concept,2025-10-25 03:38:00
9fbfb7be3798ffad,liu4353,B > A,Helps me better understand the concept; Better explains the errors in my strategy,2025-10-25 03:38:01
7ef5135aa5cfe300,lin1645,B > A,Helps me better understand the concept; Other: It’s also worded simpler making it easier to understand,2025-10-25 03:38:09
8ad74a52c7aef38c,mah4,B > A,Helps me better understand the concept,2025-10-25 03:38:23
8ad74a52c7aef38c,mah4,B > A,Helps me better understand the concept,2025-10-25 03:38:28
8ad74a52c7aef38c,mah4,B > A,Helps me better understand the concept,2025-10-25 03:38:31
0e87690875e22127,nour0,A > B,Helps me better understand the concept; Better explains the errors in my strategy,2025-10-25 03:38:49
1d38ddf6a040ed59,gandhem,A > B,Helps me better understand the concept; Aligns better with my level of knowledge,2025-10-25 03:38:50
3f7755afafe8f299,vasque71,A > B,Helps me better understand the concept; Aligns better with my level of knowledge,2025-10-25 03:39:05
6d4f45e8ec21fb99,pate3044,B > A,Helps me better understand the concept,2025-10-25 03:39:17
133b5aa26c8ffcf5,ctollman,B > A,Better explains the errors in my strategy,2025-10-25 03:39:36
d03c37a81d4a820f,koh47,B > A,Better explains the errors in my strategy,2025-10-25 03:39:46
d03c37a81d4a820f,koh47,B > A,Other: It's more conise and better to understand,2025-10-25 03:40:08
4ec2f7a5e91c7a5e,tmahaja,B > A,Helps me better understand the concept; Better explains the errors in my strategy; Aligns better with my level of knowledge,2025-10-25 03:40:16
52ad5ad5b8f72a80,lim489,B > A,"Better explains the errors in my strategy; Aligns better with my level of knowledge; Other: I think Feedback B is more specific about how I should set the problem up, pointing at places where I could've been wrong (e.g., telling me that air resistance has the same sign for both ascent and descent). Feedback A seems a little vague in this sense, especially when it says the air resistance ""takes away energy on both the way up and the way down by the same amount."" Although some people will understand that this means work done by air is negative, others who are just being introduced to the concept of energy may think otherwise. This is why I think Feedback B is better, as it is more concise and alerts the student of places that are easy to make mistakes on.",2025-10-25 03:40:24
2ff571e5736eb869,surams,A > B,Helps me better understand the concept; Aligns better with my level of knowledge,2025-10-25 03:40:26
0faf28bb642d76f2,nmazhawi,B > A,Helps me better understand the concept; Aligns better with my level of knowledge,2025-10-25 03:40:43
2ff571e5736eb869,surams,A > B,Helps me better understand the concept; Aligns better with my level of knowledge,2025-10-25 03:40:47
aa943453f9f00948,schott17,B > A,"Helps me better understand the concept; Other: Feedback A says to write energy-work equations, which the quiz question explicitly says not to do.",2025-10-25 03:41:06
f399f9e85483f242,li4662,B > A,Aligns better with my level of knowledge,2025-10-25 03:41:06
f559d7939bee1531,srohilla,B > A,Helps me better understand the concept,2025-10-25 03:41:23
c9fbeaed4426e291,blackb41,A > B,Helps me better understand the concept; Better explains the errors in my strategy; Aligns better with my level of knowledge,2025-10-25 03:41:51
c9fbeaed4426e291,blackb41,A > B,Helps me better understand the concept; Better explains the errors in my strategy; Aligns better with my level of knowledge,2025-10-25 03:42:11
6bcac9ac9d90ae6d,richa779,A > B,"Helps me better understand the concept; Better explains the errors in my strategy; Other: Feedback A allowed me to break the problem up into smaller, more manageable tasks that I didn't see originally. It does a better job than B explaining how to use the actual physics concepts that are needed for this problem.",2025-10-25 03:43:27
b87a81c7a22d312e,bkaprosy,A > B,"Aligns better with my level of knowledge; Other: I prefer feedback A as it more easily splits up the system and the surroundings in a more digestible and familiar way that what I see discussed in Feedback B. Feedback A is similar to how I approached the problem, and I can understand it more easily as it breaks down the problem into what parts I would consider.",2025-10-25 03:43:31
02a616411b4bac4c,bocian,A > B,"Better explains the errors in my strategy; Other: Both have errors in them, but A does actually give options on where to improve where as B is basically just an answer key. However, A does ask me to improve by explicitly stating equations where as the question asks for the strategy to be described in specifically words. (I'm not sure if it means exclusively words but it seems pretty strong on the ""WORDS"" part). Neither tells me if my strategy really works or not as A just kind of nit picks my answer, reminding me to state givens or things someone with a basic understanding of the course would assume. Such as GPE being 0 at the start, and KE being 0 at the top.",2025-10-25 03:44:27
a2a2ca2e36bbb7df,ndoran,A > B,"Aligns better with my level of knowledge; Other: A doesn't ignore the original response that I wrote , whereas B completely ignores it and tries to solve it on it own verbally.",2025-10-25 03:45:01
602792d2397ed762,dmetarap,B > A,"Other: Feedback A straight up suggests that to improve my answer I should go against the problem's initial prompt of strictly using words. It tells me to ""write one energy equation for the upward leg and another for the downward leg,"" whereas Feedback B at least doesn't tell me to go against the prompt but it is still kind of redundant since the point of the problem is to test conceptual understanding yet it gives nit-pick advice.",2025-10-25 03:45:18
a2a2ca2e36bbb7df,ndoran,A > B,Aligns better with my level of knowledge,2025-10-25 03:45:25
09ef9da825e3030a,sures125,A > B,Better explains the errors in my strategy; Other: Feedback B uses unnecessarily complex language that makes it more confusing to read and understand.,2025-10-25 03:46:20
0f6d8adf22adb40f,raman59,A > B,Better explains the errors in my strategy,2025-10-25 03:47:19
b8a48e859d52085d,hallettc,A > B,Helps me better understand the concept,2025-10-25 03:47:49
b8a48e859d52085d,hallettc,A > B,Helps me better understand the concept,2025-10-25 03:48:05
bdb9529c14e3b9c4,ye476,B > A,Helps me better understand the concept,2025-10-25 03:49:22
521daf98ce96b15a,akolesza,A > B,"Better explains the errors in my strategy; Other: Explains the concept in more layman's terms, so it is easier to understand.",2025-10-25 03:49:46
49fad052b6eebc76,pnettem,A > B,Better explains the errors in my strategy; Aligns better with my level of knowledge,2025-10-25 03:50:04
49fad052b6eebc76,pnettem,A > B,Better explains the errors in my strategy; Aligns better with my level of knowledge,2025-10-25 03:50:04
521daf98ce96b15a,akolesza,A > B,Better explains the errors in my strategy,2025-10-25 03:51:08
d9cc14eec2bec3b2,banga1,B > A,Helps me better understand the concept; Aligns better with my level of knowledge; Other: The language in B is simpler and more concise compared to A. It helps me comprehend the feedback better.,2025-10-25 03:52:12
591e3406e48c5136,shar1107,B > A,"Helps me better understand the concept; Better explains the errors in my strategy; Aligns better with my level of knowledge; Other: Feedback B seems to actually intake what my answer was, while Feedback A is just an answer. Feedback B streamlined the process and made it easy to understand my errors.",2025-10-25 03:54:54
b528025743f2aeb9,kolli16,A > B,Helps me better understand the concept; Other: A is much more condensed and focuses on conceptual understanding.,2025-10-25 03:54:54
e259075a54908ddb,doshi69,B > A,Helps me better understand the concept; Better explains the errors in my strategy,2025-10-25 03:55:14
c637741c0d2946dc,alghamd9,B > A,Aligns better with my level of knowledge,2025-10-25 03:57:06
f3c88bfc94c583f8,kenne292,B > A,Helps me better understand the concept; Better explains the errors in my strategy; Aligns better with my level of knowledge,2025-10-25 03:57:27
4e0e7c50775c4fa7,lee5855,B > A,Helps me better understand the concept; Better explains the errors in my strategy,2025-10-25 03:58:20
ba1b57de82ed6aaa,richa933,B > A,Helps me better understand the concept; Better explains the errors in my strategy; Aligns better with my level of knowledge; Other: B was easier for me to read and to realize my mistakes. The wording was better and clearer than A and made more sense,2025-10-25 04:01:24
ad67a05a50e17748,mill4419,A > B,Helps me better understand the concept; Better explains the errors in my strategy; Aligns better with my level of knowledge,2025-10-25 04:02:01
93ec8e80cd1bc211,duong44,B > A,Helps me better understand the concept; Aligns better with my level of knowledge,2025-10-25 04:02:54
0a133b4130d36424,nrameshb,A > B,Helps me better understand the concept; Better explains the errors in my strategy; Aligns better with my level of knowledge,2025-10-25 04:04:24
f2cbee8ad740bd14,schafe76,A > B,"Helps me better understand the concept; Aligns better with my level of knowledge; Other: Choice A is more personalized. It seems like it is truly responding to what I did, whereas in choice B, it feels formulaic. While this may be the more accurate and broader way of showing feedback, it doesn't help me as much.",2025-10-25 04:04:57
7aa283f7faef9996,swad,A > B,Helps me better understand the concept; Aligns better with my level of knowledge,2025-10-25 04:05:49
0ed6abdef3110993,rizwan0,B > A,"Helps me better understand the concept; Better explains the errors in my strategy; Other: It goes into depth on the concept and really explains it well, allowing me to learn from my mistakes and better understand how to approach similar problems in the future.",2025-10-25 04:06:08
8453032c3a5760c8,clifct03,B > A,Helps me better understand the concept; Better explains the errors in my strategy; Aligns better with my level of knowledge,2025-10-25 04:07:00
93ec8e80cd1bc211,duong44,B > A,Helps me better understand the concept; Aligns better with my level of knowledge,2025-10-25 04:09:40
f704d686b0cee410,saad13,B > A,Aligns better with my level of knowledge,2025-10-25 04:10:16
f704d686b0cee410,saad13,B > A,Aligns better with my level of knowledge,2025-10-25 04:10:40
339af9d0c1f39845,kang663,B > A,"Helps me better understand the concept; Other: Feedback A says to write an equation, but the instructions for the quiz question say to not type out any equations (unless the feedback is meant to replace what I've actually written?)",2025-10-25 04:10:43
78db419679675e83,pate2888,A > B,Helps me better understand the concept; Better explains the errors in my strategy,2025-10-25 04:11:12
78db419679675e83,pate2888,A > B,Helps me better understand the concept; Better explains the errors in my strategy,2025-10-25 04:11:29
2c41465db36a451e,billinb,B > A,Helps me better understand the concept; Better explains the errors in my strategy; Other: It is significantly more descriptive about the components than the first one which is more general.,2025-10-25 04:11:30
d9d218764d4adba4,creip,B > A,Helps me better understand the concept; Aligns better with my level of knowledge,2025-10-25 04:12:36
7e2a9c40322edcf7,li5714,B > A,Helps me better understand the concept; Better explains the errors in my strategy,2025-10-25 04:14:10
118bdede2c7ec217,upadhy37,A > B,"Other: Feedback A is a simpler response that uses less words and familiar terms. I like that it says divide it into going up and going down because that is exactly how I perceive the problem, not ascent and descent like B said complexly. Feedback A also aligns better with my level of knowledge because it splits the trip and acknowledges how air resistance always takes energy without overcomplicating the response. B's explanation makes sense, however, it is more complex than A because it uses words like apex, ascent, descent, nonconservative, etc. Therefore, A makes the physical concept more understandable, and hence is the better feedback.",2025-10-25 04:15:38
d37e1a79c33a7f99,kendal25,B > A,Helps me better understand the concept; Aligns better with my level of knowledge,2025-10-25 04:17:48
d37e1a79c33a7f99,kendal25,B > A,Helps me better understand the concept; Aligns better with my level of knowledge,2025-10-25 04:18:17
051067179af6b1eb,nguy1371,B > A,Helps me better understand the concept; Better explains the errors in my strategy,2025-10-25 04:19:05
2fbacc0f2858ed28,goswam31,B > A,Helps me better understand the concept; Better explains the errors in my strategy,2025-10-25 04:21:46
35b0ba74aafd7a02,ahohnbau,A > B,"Helps me better understand the concept; Aligns better with my level of knowledge; Other: The usage of more accurate terminology is more beneficial to me because it is more clear what is being discussed in a particular sentence. For example, saying ""partition motion into ascent and descent"" is more clear that ""split the trip into going up and down."" Explicitly stating the change in kinetic plus gravitational energies also makes it more clear how the drag force directly applies to the energy conservation principle. Then multiplying this by two to account for both the way up and down all the way to the hand makes sense. Also using the words magnitude of speed makes much more sense to me than the size of the speed.",2025-10-25 04:23:27
b4c5f6db241b5bf5,lin2242,B > A,"Other: It's more specific on what I should do, but it does use language that isn't normal. It may be hard to understand.",2025-10-25 04:24:28
b84509d46d532ecc,adebrito,A > B,Helps me better understand the concept,2025-10-25 04:24:33
cc7001190490738b,annamore,B > A,Better explains the errors in my strategy,2025-10-25 04:25:46
ab2829134cee3f3e,han720,B > A,Helps me better understand the concept; Aligns better with my level of knowledge,2025-10-25 04:26:20
acebd8c57df0071d,tayl1343,B > A,Helps me better understand the concept; Other: It prompts me to use my knowledge to write the answers and solve the problem without telling me how to do it.,2025-10-25 04:29:28
acebd8c57df0071d,tayl1343,B > A,Helps me better understand the concept; Other: This feedback helps me understand the problem and how to write a better answer rather than giving away the answer.,2025-10-25 04:30:07
1b010a2e25a331cb,mrochaan,B > A,"Helps me better understand the concept; Aligns better with my level of knowledge; Other: By using less-complex words, I can concentrate in the message being transmitted in feedback B, while on feedback A I first need to understand what is being said before thinking about the message itself.",2025-10-25 04:30:19
0ac126c7d94eef8d,colemani,B > A,"Helps me better understand the concept; Better explains the errors in my strategy; Aligns better with my level of knowledge; Other: More concise. For A, my understanding is lost in all the words.",2025-10-25 04:34:01
22fc983e8e133e25,sun1327,B > A,Helps me better understand the concept; Better explains the errors in my strategy; Aligns better with my level of knowledge,2025-10-25 04:34:51
362617818d230be6,gordo267,A > B,"Helps me better understand the concept; Better explains the errors in my strategy; Other: I feel like B is too wording and getting too technical into the specifics rather than just blatantly what I did wrong and what I could have improved so that the explanation would have been correct. It is also what I had considered doing while writing the answer to the question, but I ended up diverging away from the correct answer.",2025-10-25 04:35:00
e17401a77bbf81ce,yu1527,A > B,Helps me better understand the concept; Aligns better with my level of knowledge,2025-10-25 04:37:56
7da896e955e71d67,chen5379,A > B,Helps me better understand the concept; Aligns better with my level of knowledge,2025-10-25 04:39:57
7da896e955e71d67,chen5379,A > B,Helps me better understand the concept; Aligns better with my level of knowledge,2025-10-25 04:40:07
a29c731508a2c269,njelonki,B > A,Helps me better understand the concept; Aligns better with my level of knowledge,2025-10-25 04:49:49
a29c731508a2c269,njelonki,B > A,Helps me better understand the concept; Aligns better with my level of knowledge,2025-10-25 04:50:08
feb5dab379e3879b,lee5823,A > B,Helps me better understand the concept; Better explains the errors in my strategy; Aligns better with my level of knowledge,2025-10-25 04:51:34
feb5dab379e3879b,lee5823,A > B,Helps me better understand the concept; Better explains the errors in my strategy; Aligns better with my level of knowledge,2025-10-25 04:51:45
7ad2e9bddc4ebf23,npolikai,A > B,Helps me better understand the concept; Better explains the errors in my strategy; Aligns better with my level of knowledge,2025-10-25 04:54:24
7ad2e9bddc4ebf23,npolikai,A > B,Helps me better understand the concept; Better explains the errors in my strategy; Aligns better with my level of knowledge,2025-10-25 04:54:39
02f36aacb861bf0f,kumar842,A > B,Helps me better understand the concept,2025-10-25 04:58:06
6836e3a1bed89356,subra187,B > A,"Helps me better understand the concept; Other: Feedback B provides a more nuanced approach to solving the problem. Feedback A is exceptionally similar to my original strategy - the only additional piece it suggests is the direct mention of incorporating gravitational potential energy for the paths' respective work-energy equations. While I ensured to include this step in my calculations, it certainly would've been beneficial to briefly elaborate on such instead of simply stating my plan to use a system of equations. Not only does Feedback B have more specificity, but it also is more geared to what we've been doing this semester - explicitly identifying the system and surroundings and modeling assumptions/principles. Aside from that, the actual calculations suggested to solve the problem are the same.",2025-10-25 05:03:04
b70dc657343b163f,hsanjay,B > A,Helps me better understand the concept; Better explains the errors in my strategy; Aligns better with my level of knowledge,2025-10-25 05:04:05
73137e93d308a3b5,hodges83,A > B,Helps me better understand the concept,2025-10-25 05:16:03
b441b00c699b8a9b,cai483,B > A,Helps me better understand the concept,2025-10-25 05:22:19
b441b00c699b8a9b,cai483,B > A,Helps me better understand the concept,2025-10-25 05:23:21
24c6edbc34295ec4,lee5871,A > B,Helps me better understand the concept; Better explains the errors in my strategy; Aligns better with my level of knowledge,2025-10-25 05:32:34
bfeda2a5ee70ad41,hnguyenn,A > B,Aligns better with my level of knowledge,2025-10-25 05:43:08
c36f873baa787621,tpieszch,B > A,Helps me better understand the concept; Better explains the errors in my strategy; Aligns better with my level of knowledge,2025-10-25 06:01:48
c36f873baa787621,tpieszch,B > A,Helps me better understand the concept; Better explains the errors in my strategy; Aligns better with my level of knowledge,2025-10-25 06:02:06
dc044cbeb696349c,tong170,B > A,Helps me better understand the concept; Better explains the errors in my strategy; Other: Made me realize that you just had to explain how to find it assuming that the height is known,2025-10-25 06:08:07
735b479ec2ed7abd,wang7049,B > A,Helps me better understand the concept; Aligns better with my level of knowledge,2025-10-25 06:11:43
16003dc368627776,watso431,A > B,Helps me better understand the concept,2025-10-25 06:16:53
20d99a5c873aaf18,jain811,A > B,Helps me better understand the concept; Aligns better with my level of knowledge,2025-10-25 06:40:14
20d99a5c873aaf18,jain811,A > B,Helps me better understand the concept; Aligns better with my level of knowledge,2025-10-25 06:41:52
26665b3d67263b79,lee5877,B > A,Helps me better understand the concept; Better explains the errors in my strategy; Aligns better with my level of knowledge,2025-10-25 06:43:22
6fcd44d706cea680,thom1541,A > B,"Aligns better with my level of knowledge; Other: Feedback B suggests that you can only use gravitational potential energy, when you can you use the work of the Earth as well.",2025-10-25 06:47:34
dc4eb9f041470bec,nguy1381,A > B,Helps me better understand the concept; Better explains the errors in my strategy; Aligns better with my level of knowledge,2025-10-25 07:32:29
9ab146f3c7715948,zhenj,A > B,Aligns better with my level of knowledge,2025-10-25 07:32:38
9ab146f3c7715948,zhenj,A > B,Helps me better understand the concept,2025-10-25 07:33:20
f56e4fb8524f883f,schmi441,A > B,Helps me better understand the concept,2025-10-25 07:36:14
4f90e0340c4a175c,hvaricha,B > A,Better explains the errors in my strategy; Aligns better with my level of knowledge,2025-10-25 07:38:22
c58460c01d1074a9,ahmed454,B > A,Helps me better understand the concept,2025-10-25 08:23:03
c58460c01d1074a9,ahmed454,B > A,Helps me better understand the concept,2025-10-25 08:27:47
019324111db59075,wang6753,A > B,Helps me better understand the concept; Aligns better with my level of knowledge,2025-10-25 08:37:23
b03af5218be48d93,braun96,B > A,Helps me better understand the concept; Better explains the errors in my strategy,2025-10-25 09:05:56
a3561d527e06d6db,rthiagar,B > A,Helps me better understand the concept; Better explains the errors in my strategy,2025-10-25 10:36:00
435313476707c0eb,afareed,A > B,Helps me better understand the concept; Better explains the errors in my strategy,2025-10-25 10:36:02
a3561d527e06d6db,rthiagar,B > A,Helps me better understand the concept; Better explains the errors in my strategy,2025-10-25 10:36:29
187e25291e2b0375,bwiener,B > A,Helps me better understand the concept; Aligns better with my level of knowledge,2025-10-25 11:15:15
5477c6afbd7111bc,jgaastra,A > B,Helps me better understand the concept; Aligns better with my level of knowledge,2025-10-25 11:35:22
17629092ddb2a69d,cstofche,A > B,Helps me better understand the concept; Better explains the errors in my strategy,2025-10-25 12:20:49
17629092ddb2a69d,cstofche,A > B,Helps me better understand the concept; Better explains the errors in my strategy,2025-10-25 12:20:49
17629092ddb2a69d,cstofche,A > B,Helps me better understand the concept; Better explains the errors in my strategy,2025-10-25 12:20:50
17629092ddb2a69d,cstofche,A > B,Helps me better understand the concept; Better explains the errors in my strategy,2025-10-25 12:20:50
17629092ddb2a69d,cstofche,A > B,Helps me better understand the concept; Better explains the errors in my strategy,2025-10-25 12:20:50
17629092ddb2a69d,cstofche,A > B,Helps me better understand the concept; Better explains the errors in my strategy,2025-10-25 12:20:50
17629092ddb2a69d,cstofche,A > B,Helps me better understand the concept; Better explains the errors in my strategy,2025-10-25 12:20:50
17629092ddb2a69d,cstofche,A > B,Helps me better understand the concept; Better explains the errors in my strategy,2025-10-25 12:20:50
17629092ddb2a69d,cstofche,A > B,Helps me better understand the concept; Better explains the errors in my strategy,2025-10-25 12:20:50
17629092ddb2a69d,cstofche,A > B,Helps me better understand the concept; Better explains the errors in my strategy,2025-10-25 12:20:50
0d3e9eb0bd8b36d2,oochs,A > B,Helps me better understand the concept; Better explains the errors in my strategy; Other: This answer was more specific. I still feel like I should have gotten partial credit though.,2025-10-25 12:54:17
2535b9c95e640c9f,walte314,A > B,Helps me better understand the concept; Better explains the errors in my strategy; Aligns better with my level of knowledge,2025-10-25 12:54:36
0d3e9eb0bd8b36d2,oochs,A > B,Helps me better understand the concept; Better explains the errors in my strategy; Other: Feedback A was more specific.,2025-10-25 12:55:27
86ca783cbfd83b0f,ktakano,B > A,Helps me better understand the concept; Better explains the errors in my strategy,2025-10-25 12:56:33
86ca783cbfd83b0f,ktakano,B > A,Helps me better understand the concept; Better explains the errors in my strategy,2025-10-25 12:56:58
dab366791e24774b,dabbring,B > A,Helps me better understand the concept; Better explains the errors in my strategy; Aligns better with my level of knowledge,2025-10-25 12:57:08
7279668eedd09b17,salgadot,A > B,Helps me better understand the concept,2025-10-25 13:16:02
7ce4e1e69b733bfc,jabudagg,B > A,Helps me better understand the concept; Better explains the errors in my strategy,2025-10-25 13:45:28
224a05cec40c85b4,jacob361,B > A,Helps me better understand the concept; Aligns better with my level of knowledge,2025-10-25 13:46:07
4090f6bb60472a6b,hsi0,A > B,Helps me better understand the concept; Other: It's much more straight forward and less confusing as the other feedback.,2025-10-25 13:54:22
cd1fad2bf786c391,lhartzle,A > B,Better explains the errors in my strategy; Aligns better with my level of knowledge,2025-10-25 14:13:05
5ccb1a9b6fba8ea2,esilvert,B > A,Helps me better understand the concept; Better explains the errors in my strategy,2025-10-25 14:14:23
cd1fad2bf786c391,lhartzle,A > B,Better explains the errors in my strategy; Aligns better with my level of knowledge,2025-10-25 14:16:03
7de2371a7cf727dd,eklem,A > B,Better explains the errors in my strategy; Aligns better with my level of knowledge,2025-10-25 14:19:16
d062b6ef27a3f269,kozlow16,B > A,Helps me better understand the concept; Better explains the errors in my strategy,2025-10-25 14:20:44
3bf3fb057f5d8e4e,munson12,B > A,Aligns better with my level of knowledge,2025-10-25 14:24:53
42f7b432cd476692,gupt1444,B > A,Better explains the errors in my strategy,2025-10-25 14:24:56
0aab8b44314ea42a,dnegret,A > B,Better explains the errors in my strategy; Aligns better with my level of knowledge,2025-10-25 14:26:09
0aab8b44314ea42a,dnegret,A > B,Helps me better understand the concept,2025-10-25 14:27:00
ead7148eb60c8092,dalton47,A > B,Helps me better understand the concept; Better explains the errors in my strategy,2025-10-25 14:28:30
052cdd81dc0f0c9e,wade130,A > B,"Helps me better understand the concept; Better explains the errors in my strategy; Aligns better with my level of knowledge; Other: The way that the AI explains my errors is much easier to follow with A than B. It is very clear, and it uses the concepts that we are talking about in class better than B.",2025-10-25 14:34:05
61a3eea492cf9402,nkreigh,A > B,Helps me better understand the concept; Aligns better with my level of knowledge,2025-10-25 14:35:11
9d5794908baa6b11,shrest60,B > A,Other: It uses similar words and is easily understandable. While in answer A it is very confusing as it uses larger words and long sentences.,2025-10-25 14:39:13
789b5705350f8e28,ijarboe,B > A,Other: A just basically reexplained what I did myself but in simple terms so that was not helpful.,2025-10-25 14:44:45
e9c342c71c90d578,fbacasal,B > A,Helps me better understand the concept; Better explains the errors in my strategy,2025-10-25 14:51:58
d2015fb42c71f0c5,lstarmer,A > B,"Better explains the errors in my strategy; Other: I feel that both answers are a little clunky in their language, however A came across as easier to read and understand. It also felt more precise and concise in it's analysis of my answer.",2025-10-25 14:53:40
f26c614c8c3b1a07,munizp,B > A,Helps me better understand the concept; Better explains the errors in my strategy,2025-10-25 14:56:34
6aed69ad39c9f87f,leona126,B > A,Better explains the errors in my strategy,2025-10-25 14:57:54
183b27c34c38405b,gpersitz,A > B,Helps me better understand the concept; Better explains the errors in my strategy,2025-10-25 14:58:35
2819e62402058d11,reinha33,A > B,"Helps me better understand the concept; Better explains the errors in my strategy; Aligns better with my level of knowledge; Other: I appreciate that it establishes the system and surroundings so that the reader better understands why the energy is ""lost"".",2025-10-25 15:05:05
2819e62402058d11,reinha33,A > B,"Helps me better understand the concept; Better explains the errors in my strategy; Aligns better with my level of knowledge; Other: I appreciate that it establishes the system and surroundings so that the reader better understands why the energy is ""lost"".",2025-10-25 15:05:12
99f6618a8aef8475,mahler2,B > A,Helps me better understand the concept; Better explains the errors in my strategy; Other: Feedback B gives better feedback as it uses more simple language that is easier to follow and understand.,2025-10-25 15:06:29
1dd359dd8b9d41cb,bhatt139,A > B,Helps me better understand the concept; Better explains the errors in my strategy,2025-10-25 15:10:52
e0bb53c3b335463b,ffranzos,B > A,Helps me better understand the concept,2025-10-25 15:11:01
e08bf37706e78afc,rbhakre,B > A,Helps me better understand the concept; Better explains the errors in my strategy; Aligns better with my level of knowledge,2025-10-25 15:13:21
acf15bbd14585306,ambaya,B > A,Helps me better understand the concept; Aligns better with my level of knowledge,2025-10-25 15:23:38
815b875f721b4110,kyaye,B > A,"Helps me better understand the concept; Better explains the errors in my strategy; Aligns better with my level of knowledge; Other: Feedback A says to show algebra or a specific equation when the question and explanation explicitly state that they don't want any equations and only use words to explain my answer, which feedback B says, but isn't totally focused on it as much as A. I also feel that feedback B is good because it mentions some things I lack that would make my answer much more straightforward. It also seems more concise and explicit in its explanation, while A is, in my opinion, more general.",2025-10-25 15:25:07
9c76a0994848cc55,ebohlen,B > A,Helps me better understand the concept; Better explains the errors in my strategy; Aligns better with my level of knowledge,2025-10-25 15:25:21
9eef92122fd2d935,israel1,A > B,Helps me better understand the concept; Better explains the errors in my strategy,2025-10-25 15:26:24
04f1534f12568597,flung,A > B,Helps me better understand the concept; Aligns better with my level of knowledge,2025-10-25 15:28:12
f7906375670c4179,isimsek,B > A,Helps me better understand the concept,2025-10-25 15:28:24
04f1534f12568597,flung,A > B,Helps me better understand the concept; Aligns better with my level of knowledge,2025-10-25 15:28:28
51bad1c7c9606d1a,tkoss,B > A,Better explains the errors in my strategy,2025-10-25 15:30:23
0df615a814a8a09c,pham215,A > B,Helps me better understand the concept; Better explains the errors in my strategy,2025-10-25 15:35:38
8a7ea733053213db,galbraie,A > B,Helps me better understand the concept; Better explains the errors in my strategy; Aligns better with my level of knowledge,2025-10-25 15:36:18
cdb112e730bc8bd5,liu4552,A > B,"Helps me better understand the concept; Other: I like feed back A over feedback B because feed back A went through the problem step by step and the set up for problem, while feedback B doesn't go into detail how to set up the problem.",2025-10-25 15:36:23
12a7432564d53f1b,lsoldano,B > A,Better explains the errors in my strategy; Aligns better with my level of knowledge,2025-10-25 15:37:10
84f2844c59c2f518,ray201,B > A,Better explains the errors in my strategy,2025-10-25 15:37:12
aa17e74030004b6d,gonz1368,A > B,Helps me better understand the concept; Better explains the errors in my strategy; Aligns better with my level of knowledge; Other: I think A explains better what I wrote in my answer and it also tries to analyze what I wrote. I feel like B is just repeating it.,2025-10-25 15:41:28
aa17e74030004b6d,gonz1368,A > B,Helps me better understand the concept; Better explains the errors in my strategy; Aligns better with my level of knowledge; Other: I think A explains better what I wrote in my answer and it also tries to analyze what I wrote. I feel like B is just repeating it.,2025-10-25 15:42:02
37149b8f1cc7fe20,apanday,B > A,Better explains the errors in my strategy; Aligns better with my level of knowledge,2025-10-25 15:42:30
5afc200f67dc79dd,harr1402,B > A,Helps me better understand the concept; Aligns better with my level of knowledge,2025-10-25 15:43:56
3cab629f714536f2,more12,A > B,Helps me better understand the concept; Better explains the errors in my strategy,2025-10-25 15:48:53
384929588a3126d4,shibua,B > A,Helps me better understand the concept; Better explains the errors in my strategy; Aligns better with my level of knowledge,2025-10-25 15:52:22
230762cf962a7591,barto105,B > A,Helps me better understand the concept; Better explains the errors in my strategy,2025-10-25 15:57:14
131da8f1be02cd87,moor1606,A > B,"Helps me better understand the concept; Aligns better with my level of knowledge; Other: I felt like neither really pointed out the error of my own explanation, they just both said different forms of the correct answer. But, out of those two A made more sense and I do feel like A was a little bit closer to specifically pointing out my errors.",2025-10-25 15:57:55
8cdd9ed6a3f4d6e7,gutie359,B > A,"Aligns better with my level of knowledge; Other: I felt like feedback B was more concise and clear to the point. I like how it conceptually described the problem, it aligned more with my learning style.",2025-10-25 16:00:51
6576367f2c69dfa5,ohoke,B > A,Helps me better understand the concept; Aligns better with my level of knowledge,2025-10-25 16:04:25
4b3f19011147cf59,lsridha,A > B,Helps me better understand the concept; Aligns better with my level of knowledge,2025-10-25 16:05:14
a4aac27721525b48,sajjat,B > A,Helps me better understand the concept; Better explains the errors in my strategy; Aligns better with my level of knowledge; Other: It explains the concepts more like how we were taught in class. It also is just more readable and straightforward.,2025-10-25 16:06:32
f6da69c42502925a,cdeiros,A > B,Helps me better understand the concept; Better explains the errors in my strategy; Aligns better with my level of knowledge,2025-10-25 16:09:34
956d9ef8d4af1f27,cledezm,B > A,"Helps me better understand the concept; Aligns better with my level of knowledge; Other: The vocab and sentence structure is much simpler, aiding in my comprehension.",2025-10-25 16:11:52
5e756f5f7a0fa26a,abragade,A > B,Helps me better understand the concept; Aligns better with my level of knowledge,2025-10-25 16:18:47
5e756f5f7a0fa26a,abragade,A > B,Helps me better understand the concept; Aligns better with my level of knowledge,2025-10-25 16:18:55
4eb2b5a7a01d41aa,gerberv,B > A,Helps me better understand the concept; Better explains the errors in my strategy; Other: I think also having the system and surroundings is also helpful,2025-10-25 16:19:22
62d98900c978e309,ehermos,B > A,Better explains the errors in my strategy,2025-10-25 16:22:02
c05428ea930821f4,ogovilna,B > A,"Other: Explains changes in my answer that could make it clearer.

Using AI to grade or give feedback to written responses is a very bad idea in my opinion. The only reason you would consider it is because you do not have enough TAs/time to grade written responses manually, but this argument falls for the fallacy that giving students more work is necessarily better for us or our learning. Output/quantity should not be taken as an indicator of quality. Completing a higher workload is no proof of understanding the material. Give us more conceptual questions and essay style questions but then reduce other busy work and reassign TA hours so that these conceptual questions can be properly graded with good feedback. By adding more work and using AI to grade it, all you are doing is leading us to a world where students will AI generate the entirety of their work and all that AI generated work will be graded by AI. This helps no one.",2025-10-25 16:23:34
62d98900c978e309,ehermos,B > A,Better explains the errors in my strategy; Other: I realize what I was missing such as explaining my assumptions and the set up for the problems themselves.,2025-10-25 16:24:04
1ac844bb691309dc,burto143,A > B,Helps me better understand the concept; Aligns better with my level of knowledge,2025-10-25 16:51:53
7e27cf10efd49315,jung541,B > A,Helps me better understand the concept; Better explains the errors in my strategy,2025-10-25 16:53:56
8b00b6faa570a909,jluehman,B > A,Helps me better understand the concept; Aligns better with my level of knowledge,2025-10-25 17:07:45
8b00b6faa570a909,jluehman,B > A,Helps me better understand the concept; Aligns better with my level of knowledge,2025-10-25 17:08:06
7bc4d815ba47d9b2,ho334,A > B,Helps me better understand the concept; Other: More concise and clear explanation,2025-10-25 17:21:30
7bc4d815ba47d9b2,ho334,A > B,Helps me better understand the concept; Other: More concise and clear makes it eaier to understand,2025-10-25 17:22:55
65dbc06b10010bff,rateea,A > B,"Helps me better understand the concept; Aligns better with my level of knowledge; Other: I understand better when things are put in simpler terms. In my personal way of learning, things need to be broken down very slowly at first, then I quickly get the hang of it. However, when things are explained quickly, broadly, or in larger, more complex terms, I immediately feel lost.",2025-10-25 17:25:30
a34016f7c8b54fd3,rmanzoli,A > B,"Helps me better understand the concept; Other: Both really just answer the question more than give feedback to some extent. Regardless, I found A more helpful.",2025-10-25 17:29:15
17ef7284eef47f68,shar1195,A > B,Helps me better understand the concept,2025-10-25 17:30:24
813e86bed593efd8,chong77,A > B,Better explains the errors in my strategy; Other: I feel that A better builds off of my answer and tells me what else I need to add.,2025-10-25 17:43:59
a8e27112c52ac206,gill173,B > A,Helps me better understand the concept; Aligns better with my level of knowledge; Other: It's simpler and easier to follow,2025-10-25 17:57:20
8936c8b78ea8e7a3,smacker,A > B,"Helps me better understand the concept; Better explains the errors in my strategy; Other: Feedback A focuses more on the concept and less on the actual equations, which is what the prompt asked for. It also felt like it was building upon my response instead of criticizing it, while feedback B felt more critical and less constructive.",2025-10-25 17:57:22
11ef395713ba90b7,tsklar,A > B,Better explains the errors in my strategy; Aligns better with my level of knowledge,2025-10-25 18:06:03
b22c4b9ed2f26586,karthi65,B > A,Better explains the errors in my strategy; Aligns better with my level of knowledge,2025-10-25 18:07:45
b22c4b9ed2f26586,karthi65,B > A,Better explains the errors in my strategy; Aligns better with my level of knowledge,2025-10-25 18:08:22
6f898490edd1d197,burns435,B > A,Helps me better understand the concept; Better explains the errors in my strategy; Aligns better with my level of knowledge,2025-10-25 18:09:52
6f898490edd1d197,burns435,B > A,Helps me better understand the concept; Better explains the errors in my strategy; Aligns better with my level of knowledge,2025-10-25 18:10:06
19b0ade5a6d71bf5,peng433,A > B,Helps me better understand the concept,2025-10-25 18:12:23
19b0ade5a6d71bf5,peng433,A > B,Helps me better understand the concept; Aligns better with my level of knowledge,2025-10-25 18:12:36
99255293755eea67,au18,B > A,Better explains the errors in my strategy; Aligns better with my level of knowledge,2025-10-25 18:13:44
9927cbba3f9172cf,whitne13,B > A,Helps me better understand the concept; Aligns better with my level of knowledge,2025-10-25 18:20:35
ffef34d197a9cec9,amuraco,A > B,"Helps me better understand the concept; Better explains the errors in my strategy; Aligns better with my level of knowledge; Other: It reaffirmed how I thought the problem should be solved, but filled in the details I wasn't sure about, which helps me understand better.",2025-10-25 18:31:28
884f91d3a7f9d1f8,lee5801,B > A,Helps me better understand the concept,2025-10-25 18:32:49
60a128512f3bc487,amuhvic,A > B,Helps me better understand the concept,2025-10-25 18:33:02
62dc1c2580727042,adurgam,A > B,Helps me better understand the concept; Aligns better with my level of knowledge,2025-10-25 18:34:34
417ea46f99289c10,macdon70,B > A,Other: It is the one that doesn't contradict the system selection. Neither provide actual feedback on the  response  instead are just examples of how to answer the question,2025-10-25 18:36:13
9952b02e45b88bae,master37,B > A,Helps me better understand the concept; Better explains the errors in my strategy,2025-10-25 18:36:36
36e510f32fba53b9,ithen,A > B,Helps me better understand the concept; Better explains the errors in my strategy; Aligns better with my level of knowledge; Other: I prefer feedback A as it is in simpler terminology and easier to understand.,2025-10-25 18:47:29
36e510f32fba53b9,ithen,A > B,Helps me better understand the concept; Better explains the errors in my strategy; Aligns better with my level of knowledge; Other: I prefer feedback A as it is in simpler terminology and easier to understand.,2025-10-25 18:47:36
b3bd1b05aaa381a5,kotah,B > A,Helps me better understand the concept,2025-10-25 18:48:56
a4c7dd1c6a878024,pkuna,A > B,Aligns better with my level of knowledge; Other: Neither of these are feedback. They are just solving the problem essentially. That being said I like feedback A better since it uses a process and language that's much easier to follow and is similar to the way I did it.,2025-10-25 18:52:26
d4d1a741c0a52ff5,gloi,A > B,Helps me better understand the concept; Aligns better with my level of knowledge,2025-10-25 19:15:15
85935e97cab829af,lynch233,B > A,Other: It more clearly lays out each step done to which values during each step of the problem,2025-10-25 19:19:19
ca5b3158bebd7fbd,dhtet,A > B,Helps me better understand the concept; Better explains the errors in my strategy; Aligns better with my level of knowledge; Other: B all though more thorough  to detail and gives a more in-depth look at things I feel that Feedback 1 has benefits in its simplicity. This is because the simplicity makes it easier to understand and grasp the concepts needed for me.,2025-10-25 19:22:37
54517df01cd3d106,richey31,A > B,Helps me better understand the concept; Better explains the errors in my strategy; Other: Is more concise and gets straight to the point.,2025-10-25 19:23:02
d22c6f4021eba5a0,ashyamku,A > B,Helps me better understand the concept; Better explains the errors in my strategy,2025-10-25 19:30:27
3981945af712459c,kim4927,B > A,Helps me better understand the concept; Better explains the errors in my strategy,2025-10-25 19:30:34
0610b6e3759e7836,abhangal,B > A,Helps me better understand the concept; Better explains the errors in my strategy; Aligns better with my level of knowledge,2025-10-25 19:37:52
5cd4a41887fb0f79,hill714,A > B,Helps me better understand the concept; Better explains the errors in my strategy,2025-10-25 19:38:27
69d011b9adf32f42,tkadadi,B > A,Helps me better understand the concept; Aligns better with my level of knowledge,2025-10-25 19:39:04
86e1adaf6efeabf5,gupt1342,A > B,Helps me better understand the concept; Better explains the errors in my strategy,2025-10-25 19:41:04
b092296922590a81,ibilic,B > A,Helps me better understand the concept; Better explains the errors in my strategy,2025-10-25 19:41:14
5cd4a41887fb0f79,hill714,A > B,Helps me better understand the concept; Better explains the errors in my strategy,2025-10-25 19:41:18
5def5b10630fe5d9,ericks99,A > B,Helps me better understand the concept; Other: The first option walks you through the process of solving the problem way better than the second option. option A also breaks down the system to help me understand the system and what is doing work on that system.,2025-10-25 19:45:26
578558aa1ce3d49e,dtuma,B > A,"Other: It's more specific to my answer about what I'm missing. Sometimes, when general points about what I'm missing are brought up, I still don't understand what it is that I'm missing.",2025-10-25 19:47:35
e70924046bb7a317,fcosovic,B > A,Helps me better understand the concept; Aligns better with my level of knowledge,2025-10-25 19:53:44
e70924046bb7a317,fcosovic,B > A,Helps me better understand the concept; Aligns better with my level of knowledge,2025-10-25 19:53:55
e70924046bb7a317,fcosovic,B > A,Helps me better understand the concept; Aligns better with my level of knowledge,2025-10-25 19:54:34
c2c00954dc8a3eef,freeborn,A > B,Helps me better understand the concept; Other: Feedback A goes into greater detail in terms of explaining the specific concepts and explicitly walks through every step to reach the solution.,2025-10-25 20:02:55
2cd567c384d060e6,bfishbei,A > B,Helps me better understand the concept; Aligns better with my level of knowledge,2025-10-25 20:04:51
6d46d43c87b8ca4d,kinney48,A > B,Helps me better understand the concept,2025-10-25 20:05:53
434cb582fd76225c,ydas,B > A,Better explains the errors in my strategy,2025-10-25 20:18:42
434cb582fd76225c,ydas,B > A,Better explains the errors in my strategy,2025-10-25 20:18:46
3f2d9b22de2931d2,brannonj,A > B,Better explains the errors in my strategy,2025-10-25 20:20:15
3f2d9b22de2931d2,brannonj,A > B,Better explains the errors in my strategy,2025-10-25 20:20:36
f7b704bb1c988f2a,wei562,A > B,Helps me better understand the concept,2025-10-25 20:21:36
f7b704bb1c988f2a,wei562,B > A,Helps me better understand the concept,2025-10-25 20:22:18
794e19ebb42ccdd3,wu2448,B > A,Helps me better understand the concept; Better explains the errors in my strategy,2025-10-25 20:25:52
794e19ebb42ccdd3,wu2448,B > A,Helps me better understand the concept; Better explains the errors in my strategy,2025-10-25 20:26:18
06fc3e4cb5ae7ca7,dprakaha,B > A,Helps me better understand the concept; Better explains the errors in my strategy,2025-10-25 20:26:46
7cadbb4a85a197c1,jain929,A > B,Helps me better understand the concept; Better explains the errors in my strategy,2025-10-25 20:29:58
658d79be73a0e099,peter906,B > A,Helps me better understand the concept; Aligns better with my level of knowledge,2025-10-25 20:30:59
658d79be73a0e099,peter906,B > A,Helps me better understand the concept; Aligns better with my level of knowledge,2025-10-25 20:32:54
b835184b854d2343,burke264,A > B,Better explains the errors in my strategy; Aligns better with my level of knowledge,2025-10-25 20:33:14
3cf17baf32bbb6b4,rperron,A > B,Helps me better understand the concept; Aligns better with my level of knowledge,2025-10-25 20:36:57
4d2b4fcc99ef7534,hadvani,A > B,Helps me better understand the concept; Aligns better with my level of knowledge,2025-10-25 20:40:47
a31c5e6df1ba09eb,malhot87,A > B,Helps me better understand the concept,2025-10-25 20:41:58
351de2874f08ed6b,liu3919,A > B,Helps me better understand the concept,2025-10-25 20:43:57
351de2874f08ed6b,liu3919,A > B,Helps me better understand the concept,2025-10-25 20:44:17
351de2874f08ed6b,liu3919,A > B,Helps me better understand the concept,2025-10-25 20:44:30
351de2874f08ed6b,liu3919,B > A,Helps me better understand the concept; Aligns better with my level of knowledge,2025-10-25 20:44:57
351de2874f08ed6b,liu3919,A > B,Helps me better understand the concept; Better explains the errors in my strategy; Aligns better with my level of knowledge,2025-10-25 20:45:28
483f83dddff67d1b,nbunag,B > A,"Aligns better with my level of knowledge; Other: Feedback B stated that I should define what I am using for the system and surroundings, which makes sense. However, in both A and B they said to split the equation up as one equation the ball going up and another equation as the ball going down, which confused me. Additionally, since air drag is the same on the way up and down, I feel like I can just ignore it, but both A and B took it into account. In other words, there were some parts in B that I understood more than in A. I was more confused reading A than B.",2025-10-25 20:46:16
f20188ee7474bc0f,saranwag,A > B,Better explains the errors in my strategy; Aligns better with my level of knowledge,2025-10-25 20:47:52
351de2874f08ed6b,liu3919,B > A,Helps me better understand the concept; Better explains the errors in my strategy,2025-10-25 20:48:13
f20188ee7474bc0f,saranwag,A > B,Better explains the errors in my strategy; Aligns better with my level of knowledge; Other: Feedback B used unnecessary complicated sounding words while Feedback A chose to simplify. I understood both feedbacks but I prefer A for simplicity.,2025-10-25 20:49:52
351de2874f08ed6b,liu3919,B > A,Helps me better understand the concept; Better explains the errors in my strategy,2025-10-25 20:49:56
b0c747b43a5b9928,payne194,A > B,Better explains the errors in my strategy,2025-10-25 20:51:24
b0c747b43a5b9928,payne194,A > B,Helps me better understand the concept; Better explains the errors in my strategy,2025-10-25 20:51:36
b044535011ce586c,wu2543,A > B,"Helps me better understand the concept; Better explains the errors in my strategy; Aligns better with my level of knowledge; Other: Feedback A directly tells me that air resistance does negative work in both directions and therefore it does not cancel out over the round trip. This is the exact reason why my essay was wrong, which is because I said the air resistance cancels out because they are the same from up to down. Therefore feedback A directly tells me what was happening and why I was wrong immediately without using an abundance of words to explain the scenario like feedback B does. Therefore feedback A is better for me.",2025-10-25 21:05:14
faea7ba583b3b4be,tyler64,A > B,Other: This feedback does a better job of explicitly listing the steps that should be used in what I consider a more intuitive approach.,2025-10-25 21:08:00
07241ff2164fa74e,basingea,B > A,"Helps me better understand the concept; Aligns better with my level of knowledge; Other: Feedback B, to me, seems a little more straight forward and easier to understand.  My interpretation of Feedback B better portrays the problem as a complete thought.",2025-10-25 21:14:35
07241ff2164fa74e,basingea,B > A,"Helps me better understand the concept; Aligns better with my level of knowledge; Other: Feedback B, to me, seems a little more straightforward and direct.  My interpretation of Feedback B portrays a more complete thought than my interpretation of Feedback A does.",2025-10-25 21:16:47
0c282ba75ab23cd7,kar9,B > A,Helps me better understand the concept; Better explains the errors in my strategy; Other: Segments it a lot better than A to give a guide on what steps to take to solve the problem strategically.,2025-10-25 21:21:27
3bf8e9c823e423f1,will3604,B > A,Better explains the errors in my strategy,2025-10-25 21:22:39
4f486d790e4f04bc,mart2865,A > B,Helps me better understand the concept; Aligns better with my level of knowledge,2025-10-25 21:27:45
8955e6d7a0f37175,scott983,A > B,Helps me better understand the concept; Better explains the errors in my strategy,2025-10-25 21:29:22
866151017ec24606,coropez,B > A,Helps me better understand the concept; Better explains the errors in my strategy; Aligns better with my level of knowledge,2025-10-25 21:30:07
e8f63f29174c60a4,ekratoch,B > A,Helps me better understand the concept; Better explains the errors in my strategy,2025-10-25 21:41:44
ea960d650d34b4c5,chu300,B > A,Helps me better understand the concept,2025-10-25 21:44:08
46e1ce5a53e1b67e,travella,B > A,Helps me better understand the concept; Better explains the errors in my strategy; Aligns better with my level of knowledge,2025-10-25 21:46:31
46e1ce5a53e1b67e,travella,B > A,Helps me better understand the concept; Better explains the errors in my strategy; Aligns better with my level of knowledge,2025-10-25 21:48:03
46e1ce5a53e1b67e,travella,B > A,Helps me better understand the concept; Better explains the errors in my strategy; Aligns better with my level of knowledge,2025-10-25 21:48:17
46e1ce5a53e1b67e,travella,B > A,Helps me better understand the concept; Better explains the errors in my strategy; Aligns better with my level of knowledge,2025-10-25 21:48:31
46e1ce5a53e1b67e,travella,B > A,Helps me better understand the concept; Better explains the errors in my strategy; Aligns better with my level of knowledge,2025-10-25 21:48:43
2bcfa67cae235a07,jweder,A > B,Helps me better understand the concept,2025-10-25 21:48:54
3e39cc55b8021734,yu1487,A > B,Aligns better with my level of knowledge,2025-10-25 21:51:47
c9f654284c587c47,bemro,B > A,Helps me better understand the concept; Better explains the errors in my strategy; Aligns better with my level of knowledge,2025-10-25 21:53:52
f337b7fc58f327da,zhu1425,A > B,Helps me better understand the concept,2025-10-25 21:55:59
f337b7fc58f327da,zhu1425,A > B,Helps me better understand the concept,2025-10-25 21:56:49
30dd58ed901af328,robson3,B > A,Better explains the errors in my strategy,2025-10-25 21:57:24
04231405ab31043f,wang6645,B > A,Helps me better understand the concept; Better explains the errors in my strategy; Aligns better with my level of knowledge,2025-10-25 22:06:11
04231405ab31043f,wang6645,B > A,Helps me better understand the concept; Better explains the errors in my strategy; Aligns better with my level of knowledge,2025-10-25 22:06:26
912c277effd05f40,hdaoudi,B > A,"Other: A feels like it's just giving the method, not actual feedback. unlike B which actually seems to have analyzed my small essay and gave feedback based on that.",2025-10-25 22:07:14
f8fccced91bab194,qtraas,A > B,Aligns better with my level of knowledge; Other: Feedback A is essentially what I stated in my essay on the problem where I had two steps one for they way up where I solved for drag than another step for the way down where I solved for final speed using the drag found in step one.,2025-10-25 22:13:55
44c259f78a58cb47,lin2113,A > B,Better explains the errors in my strategy; Other: Feedback B loosely restated my strategy without giving me real feedback on what I need to do to improve my answer.,2025-10-25 22:26:00
438f07aaf5dc81af,kumar874,B > A,Better explains the errors in my strategy; Aligns better with my level of knowledge,2025-10-25 22:30:43
b8343a66574e0082,will3796,B > A,Helps me better understand the concept; Better explains the errors in my strategy; Aligns better with my level of knowledge,2025-10-25 22:37:49
22d11c1c3074e2e7,pchenhsi,B > A,Helps me better understand the concept; Aligns better with my level of knowledge,2025-10-25 22:42:49
963d17dcc8fb59ba,wang7081,B > A,Helps me better understand the concept,2025-10-25 22:49:50
963d17dcc8fb59ba,wang7081,B > A,Helps me better understand the concept,2025-10-25 22:50:09
963d17dcc8fb59ba,wang7081,B > A,Helps me better understand the concept; Aligns better with my level of knowledge,2025-10-25 22:50:31
963d17dcc8fb59ba,wang7081,B > A,Helps me better understand the concept; Better explains the errors in my strategy; Aligns better with my level of knowledge,2025-10-25 22:52:12
963d17dcc8fb59ba,wang7081,B > A,Helps me better understand the concept,2025-10-25 22:54:32
963d17dcc8fb59ba,wang7081,B > A,Helps me better understand the concept,2025-10-25 22:54:59
963d17dcc8fb59ba,wang7081,B > A,Helps me better understand the concept,2025-10-25 22:55:06
6a72ded729e1b999,alivson,B > A,"Better explains the errors in my strategy; Aligns better with my level of knowledge; Other: This answer more clearly explains what I could've done better, but both of them in general use concepts/language that are a bit above my level of knowledge. However, I do particularly like how this example tells me to state the modeling assumptions and more specifically explains what the recommended system is (the other example was more unclear on what the recommended system should be).",2025-10-25 23:11:02
6e5e0d3f293e3195,cnorejko,B > A,Helps me better understand the concept; Other: States answer in more common terms that are easier to assume. Doesn't make large jumps in logic and gives clear instructions on the path to find the answer.,2025-10-25 23:12:11
4559e686b6f00537,senthi60,A > B,Better explains the errors in my strategy; Aligns better with my level of knowledge,2025-10-25 23:12:56
5c8c1028230c1c22,rlaroche,B > A,Aligns better with my level of knowledge,2025-10-25 23:17:04
5c8c1028230c1c22,rlaroche,B > A,Better explains the errors in my strategy; Aligns better with my level of knowledge,2025-10-25 23:17:28
6fb842a93e134b9f,bpetrucc,B > A,Helps me better understand the concept; Better explains the errors in my strategy; Aligns better with my level of knowledge,2025-10-25 23:49:14
4a23f288cd9ae777,jvillabr,A > B,Helps me better understand the concept; Better explains the errors in my strategy; Aligns better with my level of knowledge,2025-10-25 23:55:19
b75a75667bc67fc2,bdulgero,B > A,Helps me better understand the concept; Aligns better with my level of knowledge,2025-10-25 23:56:20
b75a75667bc67fc2,bdulgero,B > A,Helps me better understand the concept; Aligns better with my level of knowledge,2025-10-25 23:56:38
09f7dac04197b8b8,ehinten,B > A,Helps me better understand the concept; Better explains the errors in my strategy; Aligns better with my level of knowledge,2025-10-26 00:19:07
09f7dac04197b8b8,ehinten,B > A,Helps me better understand the concept; Better explains the errors in my strategy; Aligns better with my level of knowledge,2025-10-26 00:19:46
be447d13127cabb5,wils1627,A > B,Helps me better understand the concept,2025-10-26 00:25:19
1392e087e685af54,rjo,A > B,Better explains the errors in my strategy; Other: Better follows the question guidelines (Feedback B says to write energy equations which is prohibited as said at the end of the prompt),2025-10-26 00:27:46
0dac1a6e90cd1870,lin2035,A > B,"Helps me better understand the concept; Aligns better with my level of knowledge; Other: Feedback A is much more easily digestible as it explains the concepts with much simpler language and in a more concise way. Feedback B, in contrast, uses far too much jargon and can be difficult for a struggling student to understand. A truly talented teacher is one who can take something complex and explain it in a simple way, and thus I prefer feedback A.",2025-10-26 00:41:58
76fead10e57b1179,tran493,B > A,Other: It is easiear to understand,2025-10-26 00:47:41
5da1095175cee0b1,bhagwan0,B > A,"Helps me better understand the concept; Better explains the errors in my strategy; Other: Feedback B feels as though it talks more directly to me, telling me what my errors were and how I can fix them. Feedback A is very 'un-interactive' and lists what to do in a very harsh, mono-tone way which makes it harder to listen to as constructive criticism.",2025-10-26 00:49:51
165bb66f645f1ba8,yang2650,A > B,"Helps me better understand the concept; Better explains the errors in my strategy; Aligns better with my level of knowledge; Other: A works better because it corrects the solution in my answer instead of stating the method directly. The method for A also is similar to my initial idea, with drag opposing the motion and there being two parts for the ascent and descent.",2025-10-26 00:55:55
b3c69e0a2e4ff0f4,jshryoc,B > A,Helps me better understand the concept; Aligns better with my level of knowledge,2025-10-26 01:03:07
02a57f24c54a37d8,ckizior,A > B,Better explains the errors in my strategy; Aligns better with my level of knowledge,2025-10-26 01:03:28
4657d8196f12aa68,cschepma,A > B,Better explains the errors in my strategy; Aligns better with my level of knowledge,2025-10-26 01:05:30
926f6166fceae9b4,nkambi,A > B,"Helps me better understand the concept; Better explains the errors in my strategy; Aligns better with my level of knowledge; Other: I feel like for me personally this feedback is better because I can understand it well and its more specific, but the other one uses simpler language which would have been nice to have. So I like A better but simpler language that goes into extreme detail would be even better than these.",2025-10-26 01:08:42
1bcc1b1c3348c7e0,atadala,B > A,Better explains the errors in my strategy,2025-10-26 01:09:18
f5f149eaaa9be2b2,russe273,B > A,Helps me better understand the concept; Better explains the errors in my strategy,2025-10-26 01:11:33
f49aaa9f657131ee,robin770,A > B,Helps me better understand the concept; Aligns better with my level of knowledge,2025-10-26 01:14:03
f49aaa9f657131ee,robin770,A > B,Helps me better understand the concept; Aligns better with my level of knowledge,2025-10-26 01:14:27
d2a7f64f58bc500d,nelso762,B > A,Helps me better understand the concept; Better explains the errors in my strategy,2025-10-26 01:14:31
8a1abab61e27bf5d,yates64,A > B,Helps me better understand the concept,2025-10-26 01:15:06
8a1abab61e27bf5d,yates64,A > B,Helps me better understand the concept; Aligns better with my level of knowledge,2025-10-26 01:15:32
9fc90781f5832030,mgieseke,A > B,Helps me better understand the concept; Aligns better with my level of knowledge,2025-10-26 01:18:21
f333b322ddcc9633,colli572,B > A,Helps me better understand the concept; Better explains the errors in my strategy; Aligns better with my level of knowledge; Other: Makes more sense to me on how to solve the problem and the steps needed to get here.,2025-10-26 01:20:41
d80784d405021f9c,jlakamsa,A > B,Helps me better understand the concept; Better explains the errors in my strategy,2025-10-26 01:21:59
11c5832a5f897a85,rosae,B > A,Helps me better understand the concept,2025-10-26 01:22:36
4657d8196f12aa68,cschepma,B > A,Better explains the errors in my strategy; Aligns better with my level of knowledge,2025-10-26 01:22:59
cf75793160ea9f07,cmcclamr,B > A,Better explains the errors in my strategy; Other: To me this feedback helps explain the errors I had in my original strategy a lot better. It is also seems to have a more accurate method in solving the bonus question.,2025-10-26 01:23:45
2003b40615550241,gmcinto,B > A,Helps me better understand the concept; Better explains the errors in my strategy; Aligns better with my level of knowledge,2025-10-26 01:29:03
883faf1de11937c5,adcocke,B > A,Helps me better understand the concept; Better explains the errors in my strategy,2025-10-26 01:30:57
3e3dd81876c35917,zhan5136,A > B,Helps me better understand the concept; Aligns better with my level of knowledge,2025-10-26 01:41:46
3e3dd81876c35917,zhan5136,A > B,Helps me better understand the concept; Aligns better with my level of knowledge,2025-10-26 01:41:54
05af4e8195a27e5d,jlapidu,A > B,Helps me better understand the concept; Better explains the errors in my strategy; Aligns better with my level of knowledge,2025-10-26 01:49:15
fecd4e053a66df37,shaw286,A > B,Helps me better understand the concept; Better explains the errors in my strategy,2025-10-26 01:57:10
9989b2d5c8e6d5a8,lee5568,B > A,Helps me better understand the concept,2025-10-26 01:58:27
fecd4e053a66df37,shaw286,A > B,Helps me better understand the concept; Better explains the errors in my strategy,2025-10-26 01:59:13
6079ce28be0eb608,cmusick,B > A,Helps me better understand the concept; Better explains the errors in my strategy,2025-10-26 02:03:09
2d2924c021f8d3f7,chauha73,B > A,Helps me better understand the concept; Other: More specific in terms of signage and a clearer explanation.,2025-10-26 02:03:30
5c59215e827dc331,kzisko,A > B,Helps me better understand the concept; Better explains the errors in my strategy; Aligns better with my level of knowledge,2025-10-26 02:04:42
d75e8c75595c48eb,bwillour,A > B,"Helps me better understand the concept; Better explains the errors in my strategy; Other: I think it better explains what mistakes I made, why I made them, why my process does not work, and how I can solve it.",2025-10-26 02:08:32
037e19debb6ad216,castr157,B > A,Helps me better understand the concept; Better explains the errors in my strategy,2025-10-26 02:09:27
5b525db7366264f0,bmattila,B > A,"Helps me better understand the concept; Better explains the errors in my strategy; Other: Specifically said what I did wrong when I was answering the question, which I thought was nice.",2025-10-26 02:21:53
515641e944bdac0a,sglombic,B > A,Helps me better understand the concept; Better explains the errors in my strategy,2025-10-26 02:29:04
515641e944bdac0a,sglombic,B > A,Helps me better understand the concept; Better explains the errors in my strategy,2025-10-26 02:29:12
2df74d4426ae9de6,amaliak,A > B,Helps me better understand the concept; Aligns better with my level of knowledge,2025-10-26 02:45:41
2df74d4426ae9de6,amaliak,A > B,Helps me better understand the concept; Aligns better with my level of knowledge,2025-10-26 02:46:28
93e75ce20c368645,sremsbot,B > A,Better explains the errors in my strategy,2025-10-26 02:46:33
e3902b77cb4f9d0e,jone2599,A > B,Helps me better understand the concept; Better explains the errors in my strategy,2025-10-26 02:47:23
cf6c7397e7da3517,yang2716,A > B,Helps me better understand the concept; Better explains the errors in my strategy,2025-10-26 02:48:00
235d3d1c082b214b,sinha184,A > B,Better explains the errors in my strategy,2025-10-26 02:50:16
235d3d1c082b214b,sinha184,B > A,Helps me better understand the concept; Better explains the errors in my strategy,2025-10-26 02:50:39
99e4557c9749c1b0,lewis997,A > B,Helps me better understand the concept; Better explains the errors in my strategy,2025-10-26 02:50:47
e29006ea080fab9e,moran124,A > B,Helps me better understand the concept; Aligns better with my level of knowledge,2025-10-26 02:51:26
e29006ea080fab9e,moran124,A > B,Helps me better understand the concept; Aligns better with my level of knowledge,2025-10-26 02:51:31
e29006ea080fab9e,moran124,A > B,Helps me better understand the concept; Aligns better with my level of knowledge,2025-10-26 02:51:44
e29006ea080fab9e,moran124,A > B,Helps me better understand the concept; Aligns better with my level of knowledge,2025-10-26 02:51:44
e29006ea080fab9e,moran124,A > B,Helps me better understand the concept; Aligns better with my level of knowledge,2025-10-26 02:51:44
e29006ea080fab9e,moran124,A > B,Helps me better understand the concept; Aligns better with my level of knowledge,2025-10-26 02:51:44
e29006ea080fab9e,moran124,A > B,Helps me better understand the concept; Aligns better with my level of knowledge,2025-10-26 02:51:45
e29006ea080fab9e,moran124,A > B,Helps me better understand the concept; Aligns better with my level of knowledge,2025-10-26 02:51:45
e29006ea080fab9e,moran124,A > B,Helps me better understand the concept; Aligns better with my level of knowledge,2025-10-26 02:51:45
e29006ea080fab9e,moran124,A > B,Helps me better understand the concept; Aligns better with my level of knowledge,2025-10-26 02:51:45
e29006ea080fab9e,moran124,A > B,Helps me better understand the concept; Aligns better with my level of knowledge,2025-10-26 02:51:45
e29006ea080fab9e,moran124,A > B,Helps me better understand the concept; Aligns better with my level of knowledge,2025-10-26 02:51:45
e29006ea080fab9e,moran124,A > B,Helps me better understand the concept; Aligns better with my level of knowledge,2025-10-26 02:51:46
e29006ea080fab9e,moran124,A > B,Helps me better understand the concept; Aligns better with my level of knowledge,2025-10-26 02:51:46
e29006ea080fab9e,moran124,A > B,Helps me better understand the concept; Aligns better with my level of knowledge,2025-10-26 02:51:46
e29006ea080fab9e,moran124,A > B,Helps me better understand the concept; Aligns better with my level of knowledge,2025-10-26 02:51:46
e29006ea080fab9e,moran124,A > B,Helps me better understand the concept; Aligns better with my level of knowledge,2025-10-26 02:52:33
ce6c484c30c6ec3e,chopra64,B > A,Helps me better understand the concept,2025-10-26 02:57:14
eb2b17ae52dbaf2e,panditt,B > A,Helps me better understand the concept; Better explains the errors in my strategy,2025-10-26 03:06:24
0e63245118db561c,osutphin,A > B,Aligns better with my level of knowledge,2025-10-26 03:06:58
76a13f129cf87c99,sbattuvs,A > B,Helps me better understand the concept; Aligns better with my level of knowledge,2025-10-26 03:08:21
76a13f129cf87c99,sbattuvs,A > B,Helps me better understand the concept; Aligns better with my level of knowledge,2025-10-26 03:08:33
3b8fda1da98a60c0,schuma31,B > A,Helps me better understand the concept; Better explains the errors in my strategy,2025-10-26 03:11:37
bdac596eeeb1d95f,delgad98,A > B,Aligns better with my level of knowledge,2025-10-26 03:24:26
c3569d5dffad5f47,wbrame,A > B,"Helps me better understand the concept; Aligns better with my level of knowledge; Other: It is more concise and explains the idea using much more simple words, and it is written in a more clear and easy to understand way without unecessary words.",2025-10-26 03:35:07
942f99c702faa212,zhao1318,B > A,Helps me better understand the concept,2025-10-26 03:35:15
cf52b4cb2d76439a,shilrm01,B > A,Helps me better understand the concept; Better explains the errors in my strategy,2025-10-26 03:40:20
bf8b1964d9f194be,tbawa,A > B,Helps me better understand the concept,2025-10-26 03:41:17
f399f9e85483f242,li4662,B > A,Helps me better understand the concept; Better explains the errors in my strategy,2025-10-26 03:47:57
0ea1951e17ac1fd6,bhatt77,A > B,Helps me better understand the concept; Aligns better with my level of knowledge,2025-10-26 03:48:29
0e0f9c76395b2af1,hu1079,A > B,Better explains the errors in my strategy; Aligns better with my level of knowledge,2025-10-26 03:57:50
885db6022358975b,king1037,B > A,"Helps me better understand the concept; Aligns better with my level of knowledge; Other: Less jargon like ""nonconservative"" or ""consistent sign convention,"" and a helpful reminder that loss of work will always reduce the ball's total energy.",2025-10-26 03:59:23
5616954692a9c453,pduanmu,A > B,Helps me better understand the concept; Aligns better with my level of knowledge,2025-10-26 04:02:21
a3f22465fed4a7e4,nhouston,B > A,Helps me better understand the concept; Better explains the errors in my strategy,2025-10-26 04:04:48
3620d40a92e1e9d5,jain823,B > A,Better explains the errors in my strategy,2025-10-26 04:07:42
2c232ba4dfc68c1b,quee,A > B,Helps me better understand the concept,2025-10-26 04:28:21
4c61114d21a7678e,kelleyz,A > B,Helps me better understand the concept,2025-10-26 04:58:23
d9ea0b6536ede182,krish397,B > A,Helps me better understand the concept; Better explains the errors in my strategy; Aligns better with my level of knowledge,2025-10-26 05:13:46
2bcc01afa43846eb,sjindl,B > A,Helps me better understand the concept; Aligns better with my level of knowledge,2025-10-26 05:26:35
c31aac42b5f9e7ae,david152,B > A,Better explains the errors in my strategy,2025-10-26 05:52:20
b84ccba219ffa67a,kuo144,A > B,"Helps me better understand the concept; Other: The two feedbacks are similar, but  A is more concise and thus easier to read",2025-10-26 10:11:41
b84ccba219ffa67a,kuo144,A > B,Helps me better understand the concept,2025-10-26 10:13:06
a30dff38b70cfef3,gamburg,A > B,Helps me better understand the concept; Aligns better with my level of knowledge,2025-10-26 13:16:32
766d0a8d0d749e81,felbohof,A > B,Helps me better understand the concept; Better explains the errors in my strategy; Other: Feedback A states the answer better. It describes the system and solution and goes from there. Feedback B isn't as specific.,2025-10-26 13:47:42
1f4a63854c8502c9,kdoubler,A > B,Helps me better understand the concept; Better explains the errors in my strategy,2025-10-26 14:22:11
6175a371bf001574,hmoelle,B > A,Helps me better understand the concept; Better explains the errors in my strategy; Aligns better with my level of knowledge,2025-10-26 14:37:48
6175a371bf001574,hmoelle,B > A,Better explains the errors in my strategy; Aligns better with my level of knowledge,2025-10-26 14:39:51
48e96d8f8c721394,gmartien,A > B,Helps me better understand the concept; Better explains the errors in my strategy; Aligns better with my level of knowledge,2025-10-26 14:56:20
1db9167b02a095a0,coffee1,B > A,Helps me better understand the concept,2025-10-26 14:56:25
f93cc938d2cf1abf,csizer,A > B,Helps me better understand the concept; Aligns better with my level of knowledge,2025-10-26 15:25:31
dbbdc5d1bbcbf471,navalare,B > A,Helps me better understand the concept; Aligns better with my level of knowledge,2025-10-26 15:26:20
89f26753df3d3ad6,lbgoldst,B > A,Better explains the errors in my strategy; Aligns better with my level of knowledge,2025-10-26 15:54:02
5e686a8a50859330,yen44,A > B,Aligns better with my level of knowledge,2025-10-26 16:00:02
fc7f34457fee61e9,dinh36,A > B,"Helps me better understand the concept; Aligns better with my level of knowledge; Other: Feedback A seemed to be slightly more technical with the terminology which helped since that is what I expect when trying to understand a physics problem. However, the simplified explanation in Feedback B felt like an additional thing to understand rather than aid in my understanding.",2025-10-26 16:05:00
fc7f34457fee61e9,dinh36,A > B,"Helps me better understand the concept; Aligns better with my level of knowledge; Other: Feedback A seemed to be slightly more technical with the terminology which helped since that is what I expect when trying to understand a physics problem. However, the simplified explanation in Feedback B felt like an additional thing to understand rather than aid in my understanding.",2025-10-26 16:05:07
4a143e60c23b055a,knapp48,B > A,Helps me better understand the concept; Better explains the errors in my strategy; Aligns better with my level of knowledge,2025-10-26 16:14:38
da033033394795fc,wang7313,B > A,Helps me better understand the concept; Aligns better with my level of knowledge; Other: It specifies what to do at the beginning of the problem and makes it clear what the system and surroundings are.,2025-10-26 16:15:10
bada14f918f2e787,chand211,A > B,"Helps me better understand the concept; Better explains the errors in my strategy; Other: Feedback A is better at explaining how to solve the problem by breaking it down into different components and how it applies to each concept. It takes you through a more step-by-step process for the different positions of the ball. On the other hand, Feedback B is good at correcting what I said but it still a bit vague in the whole solving process. It mentions the different concepts used, but it doesn't go into the different components you need to account for when solving for the problem.",2025-10-26 16:21:49
1b5e4545e266b148,mmiloje,A > B,Better explains the errors in my strategy,2025-10-26 16:23:40
1b5e4545e266b148,mmiloje,A > B,Better explains the errors in my strategy,2025-10-26 16:24:38
6d8be02447ecddc0,lhallber,B > A,"Helps me better understand the concept; Better explains the errors in my strategy; Other: It is easier to follow the reasoning behind the process in B, whereas I got lost trying to understand A.",2025-10-26 16:35:40
7f98243df794c1f5,mborokho,B > A,Helps me better understand the concept; Better explains the errors in my strategy; Aligns better with my level of knowledge,2025-10-26 16:42:54
d46b6c3f5bc2a324,mumulis,B > A,Helps me better understand the concept,2025-10-26 16:43:59
c5c99ddab42a3db5,jcrisolo,A > B,"Helps me better understand the concept; Aligns better with my level of knowledge; Other: Feedback A explicitly mentions physics-related principles and terminology, while Feedback B offers a more surface-level overview of the problem-solving process.",2025-10-26 16:45:02
68576deea2c196f6,asweat,A > B,"Other: Feedback A is honestly just worded better. I do not like that Feedback A doesn't flow good, it sounds like a list instead of a well thought out description of what was expected. However, it was easier to understand. Feedback B sounds like someone took their work, found a bunch of synonyms/big words, and rearranged the order of the text to make it sound more profound. I had to read it a few times to get what the AI was trying to say.",2025-10-26 16:49:00
a0cbecd9c2f7d216,solukosi,B > A,Helps me better understand the concept; Aligns better with my level of knowledge,2025-10-26 17:01:15
cc8d313485971a41,lnavares,B > A,Helps me better understand the concept; Other: It's easiest to understand concepts when it's in easy language.,2025-10-26 17:18:01
a6aa0696c40c8820,nkazunas,B > A,Helps me better understand the concept,2025-10-26 17:21:30
45f891eed17804bf,thom1526,B > A,Helps me better understand the concept; Aligns better with my level of knowledge; Other: Way simpler and easier to understand for someone who is just trying to understand the problem.,2025-10-26 17:52:13
45f891eed17804bf,thom1526,B > A,Helps me better understand the concept; Aligns better with my level of knowledge,2025-10-26 17:53:20
f2a77bea125038fa,okehrli,B > A,Helps me better understand the concept,2025-10-26 18:02:27
114e44d4b981b9de,gbeirne,B > A,Helps me better understand the concept; Aligns better with my level of knowledge,2025-10-26 18:09:45
67a79516f16aa524,haq8,A > B,Helps me better understand the concept; Other: Feedback A is more specific so it is more helpful to me.,2025-10-26 18:09:51
a98277ef4e751495,neff56,A > B,Helps me better understand the concept; Better explains the errors in my strategy,2025-10-26 18:12:25
37b62833abe11e4a,kroner,B > A,Helps me better understand the concept,2025-10-26 18:17:02
7f8e8790adf5d198,richa728,A > B,Helps me better understand the concept; Aligns better with my level of knowledge,2025-10-26 18:29:41
c9b5b88948be6873,ochoa58,A > B,Helps me better understand the concept; Aligns better with my level of knowledge; Other: I believe A has a better breakdown of the problem as a whole; however neither explanation really explains any flaw that I had. They were more of just general responses.,2025-10-26 18:31:42
58a8f40c113edcff,pate3162,B > A,"Other: Neither really is 'feedback' on my work, but rather just outlining its own strategy in different ways. I prefer B over A at least because B user easier to understand, A is more jargon-heavy, and while still conveys the same info, just takes slightly longer to digest the same concept that B is explaining. Neither is that good in my opinion, however, as 'feedback'.",2025-10-26 18:36:40
40405dbc92623e4b,ande1774,B > A,Helps me better understand the concept; Better explains the errors in my strategy,2025-10-26 18:37:40
f268dc9c72a614ef,zhan5990,B > A,Helps me better understand the concept; Better explains the errors in my strategy; Aligns better with my level of knowledge,2025-10-26 18:39:05
f683c87ed276153a,liang511,B > A,Helps me better understand the concept,2025-10-26 18:43:10
6e35322f5130bc7b,gdingled,B > A,"Other: Neither of these AI responses I would consider ""feedback"". They are rather just a second and third answer to the question. Both I felt used more complicated wording than necessary and ultimately are more confusing than my own response which I feel clearly states a solution strategy. I stand strong on the opinion though that neither of these can even be considered feedback. They provide absolutely zero insight into my own answer and has zero critique for my answer. They simply restate the answer differently. AI shouldn't be used for feedback, but we should absolutely have more feedback from such a difficult course. At the very minimum for the LAB and REC assignments. I should have included feedback as a suggestion in the previous EC survey, I'm sure it would make a difference for many students if they were receiving feedback on at least these assignments. The reason I chose the ""feedback"" B over A is simply because it reads better and is easier to understand. It provides something this course does not often seem to value, clarity.",2025-10-26 18:47:16
68ec1cc48f0eef1e,whit1083,A > B,Helps me better understand the concept; Aligns better with my level of knowledge,2025-10-26 18:50:48
cf9fe88053d1da48,ascarle,A > B,Helps me better understand the concept; Better explains the errors in my strategy,2025-10-26 18:55:25
2d445b3b2574a455,buscbm01,B > A,"Helps me better understand the concept; Better explains the errors in my strategy; Aligns better with my level of knowledge; Other: B gave me feedback on how to improve the approach I used, while A told me to change my approach.",2025-10-26 18:55:27
01eb63deb7ee06c2,gleaso28,B > A,Helps me better understand the concept; Better explains the errors in my strategy; Aligns better with my level of knowledge; Other: Allowed me to recognize the mistakes that I made when considering air drag in the problem and how I could have approached it differently.,2025-10-26 18:58:55
e3c54c86e5266b38,pbank,A > B,Helps me better understand the concept; Better explains the errors in my strategy; Aligns better with my level of knowledge; Other: It was the simplest to understand its feedback on a basic level and then provides enough information for me to understand a basic level while being able to explore to learn more on my own without overwhelming me with words and information straight off the bat.,2025-10-26 19:06:00
9602728778c7901c,chamb150,B > A,Helps me better understand the concept; Aligns better with my level of knowledge,2025-10-26 19:10:01
981e07a879030715,smit6401,B > A,Helps me better understand the concept,2025-10-26 19:13:16
5bdd84a1cebdad55,summer69,A > B,Helps me better understand the concept; Better explains the errors in my strategy,2025-10-26 19:17:28
f111d646530a05d4,rahma189,B > A,Helps me better understand the concept; Better explains the errors in my strategy,2025-10-26 19:21:43
bcd9399c72a51748,kruse38,A > B,Helps me better understand the concept; Better explains the errors in my strategy; Other: The feedback for A explains why my assumption about total energy conservation wasn't quite accurate and shows how to handle air resistance correctly using separate energy changes for ascending and descending.,2025-10-26 19:22:46
60a60647f0dff912,gsandru,A > B,"Aligns better with my level of knowledge; Other: A was a bit better for me as it explains it form all points of view/no matter which system you choose. Although, the system chosen in B is the easier/better one.",2025-10-26 19:24:34
73034cced364b75a,hatfie31,A > B,Helps me better understand the concept; Better explains the errors in my strategy; Aligns better with my level of knowledge,2025-10-26 19:26:01
1e3f19da5cbc3680,shar1169,A > B,Helps me better understand the concept,2025-10-26 19:29:25
d967effc2b0c3a05,chowdh95,B > A,Helps me better understand the concept; Other: The wording is easier to understand and is not confusing.,2025-10-26 19:35:58
b6f9c136eeb89723,mack87,A > B,Helps me better understand the concept; Better explains the errors in my strategy; Aligns better with my level of knowledge,2025-10-26 19:46:02
c21fab19f2b3d0aa,wang6702,B > A,Better explains the errors in my strategy,2025-10-26 19:47:20
3416648a69219c30,gelber,B > A,Helps me better understand the concept,2025-10-26 20:01:06
634cde6bc4f3f673,lee5698,B > A,Helps me better understand the concept; Better explains the errors in my strategy; Aligns better with my level of knowledge,2025-10-26 20:01:19
634cde6bc4f3f673,lee5698,B > A,"Helps me better understand the concept; Aligns better with my level of knowledge; Other: I prefer B because it is more concise and more straight to the point. Additionally, it give the chronological steps much clearer.",2025-10-26 20:02:22
9fed50d3d516b19c,ssaalfr,B > A,Helps me better understand the concept; Aligns better with my level of knowledge; Other: It breaks down the concepts into simple words that are easier to understand,2025-10-26 20:04:02
1aff9a9373d09fc0,ailamuru,A > B,Helps me better understand the concept; Aligns better with my level of knowledge,2025-10-26 20:20:16
1aff9a9373d09fc0,ailamuru,A > B,Helps me better understand the concept; Aligns better with my level of knowledge,2025-10-26 20:20:31
65074c77a3bfe48b,ghsin,B > A,Helps me better understand the concept,2025-10-26 20:25:04
e404eb10856fe438,schlote,B > A,Helps me better understand the concept; Better explains the errors in my strategy,2025-10-26 20:31:24
2f6ad6cc4a7ebab6,antes,B > A,Helps me better understand the concept; Better explains the errors in my strategy,2025-10-26 20:41:22
11b5df60876360b5,kkottapa,B > A,"Better explains the errors in my strategy; Other: It corrects my mistakes, but keeps my original idea and method and just tweaks my errors.",2025-10-26 20:45:18
a71831b81557d574,nguy1145,B > A,Helps me better understand the concept; Better explains the errors in my strategy; Aligns better with my level of knowledge,2025-10-26 20:48:08
ca378b254d2764ba,bohnes,A > B,Helps me better understand the concept; Better explains the errors in my strategy; Aligns better with my level of knowledge,2025-10-26 20:49:56
d64daf734d3a5e27,ekurichi,A > B,"Helps me better understand the concept; Better explains the errors in my strategy; Aligns better with my level of knowledge; Other: In the first AI generated feedback (A), I was able to understand what I wrote and did wrong in the problem. It specifically told me how to fix my issue and gave me a description about how to accurately solve the problem. In the second AI generated feedback (B), it just gave a summary about how the problem is supposed to be solved, not what I did wrong or any feedback.",2025-10-26 20:52:35
afd3b42880cd2f68,skatkur,B > A,Better explains the errors in my strategy,2025-10-26 20:53:33
afd3b42880cd2f68,skatkur,B > A,Better explains the errors in my strategy,2025-10-26 20:57:39
84f88c95ec80a7a4,song995,A > B,Helps me better understand the concept; Better explains the errors in my strategy,2025-10-26 21:05:26
84f88c95ec80a7a4,song995,A > B,Helps me better understand the concept; Better explains the errors in my strategy,2025-10-26 21:05:37
7ee87668d192cff6,patil276,A > B,Helps me better understand the concept; Better explains the errors in my strategy,2025-10-26 21:06:08
acab9c8ac5e6d088,fay8,B > A,Better explains the errors in my strategy,2025-10-26 21:09:50
c4a2a87798e06d34,tummala8,A > B,Helps me better understand the concept; Better explains the errors in my strategy,2025-10-26 21:12:32
b312e9e360604b01,park1829,B > A,Helps me better understand the concept; Better explains the errors in my strategy,2025-10-26 21:15:19
b312e9e360604b01,park1829,B > A,Helps me better understand the concept; Better explains the errors in my strategy,2025-10-26 21:20:20
7e5324f0aed5a79c,aradhyas,A > B,"Other: I prefer this feedback, because it is slightly easier to understand after one read. While both options give me the same feedback, I usually do not have the patience to re-read multiple times to fully get the feedback. For example ""going up and coming down"" is much easier to understand at first glance that ""analyze ascent and descent separately""",2025-10-26 21:22:12
3be39c820e79bd40,cgimelsh,A > B,Helps me better understand the concept; Aligns better with my level of knowledge,2025-10-26 21:32:05
60fe22a9f61f9b5a,ecreekm,A > B,Helps me better understand the concept; Better explains the errors in my strategy,2025-10-26 21:36:31
bd9008594ae28903,beck245,B > A,Helps me better understand the concept; Better explains the errors in my strategy,2025-10-26 21:38:24
046bca4321a0d87a,tmcclena,B > A,"Other: Honestly neither of them feel like feedback as much as they are just the correct answer to the question. They didn't really seem to reference my answer to the question at all and tell me how I was right or wrong. The only way then I could vote on which ""feedback"" is better is by the fluidity of their answer. I like answer B more because it feels specific enough to understand the correct answer, but it doesn't overwhelm you with information. Answer A explains it in much more detail, however that much detail makes the paragraph seem clunky.",2025-10-26 21:46:29
a439b0d9e972f2dc,john3394,A > B,Helps me better understand the concept,2025-10-26 21:46:47
9209f921ef906fa4,lspeight,A > B,"Helps me better understand the concept; Better explains the errors in my strategy; Aligns better with my level of knowledge; Other: B doesn't tell me why I'm wrong, it just walks through the mathematical process to find the answer rather than explaining why what I did was incorrect.",2025-10-26 21:47:13
32d10f7207018242,swadi,A > B,Helps me better understand the concept; Aligns better with my level of knowledge,2025-10-26 21:48:12
32d10f7207018242,swadi,A > B,Helps me better understand the concept; Aligns better with my level of knowledge,2025-10-26 21:48:30
b10edf14ae54bc73,fstrak,A > B,Helps me better understand the concept; Better explains the errors in my strategy,2025-10-26 21:49:40
cf211ecb85281a41,saju1,B > A,Helps me better understand the concept; Aligns better with my level of knowledge,2025-10-26 21:53:05
1b294f680c89bf5d,jricke,B > A,Helps me better understand the concept; Better explains the errors in my strategy; Aligns better with my level of knowledge; Other: I believe that feedback B is closer to what a teacher might respond with for answer feedback. It better aligns with how my recitation instructor would recommend how to go about solving such problem.,2025-10-26 21:53:05
3fe286287da69b70,sbilapat,B > A,Helps me better understand the concept; Better explains the errors in my strategy,2025-10-26 21:59:15
f1cca81aee44fffb,iyer251,B > A,Helps me better understand the concept; Better explains the errors in my strategy; Aligns better with my level of knowledge,2025-10-26 22:00:08
2a70be7eed382c82,sanghi4,A > B,Helps me better understand the concept; Better explains the errors in my strategy,2025-10-26 22:01:22
e0e4324a51e2ce76,shar1263,B > A,Helps me better understand the concept; Better explains the errors in my strategy,2025-10-26 22:03:43
7626607d3e0385c4,robin876,B > A,"Better explains the errors in my strategy; Aligns better with my level of knowledge; Other: I like that it is shorter and more succinct, while still providing a process to solve the problem.",2025-10-26 22:03:55
b27f10e340f8ebf9,nbeerbo,B > A,"Helps me better understand the concept; Better explains the errors in my strategy; Other: This feedback is more explicit and detailed on what I did wrong, allowing me to better focus on how I can improve for future problem quizzes.",2025-10-26 22:11:19
57d00b4cc6fb636a,ranjan37,A > B,Helps me better understand the concept,2025-10-26 22:15:15
57d00b4cc6fb636a,ranjan37,A > B,Helps me better understand the concept,2025-10-26 22:15:27
9474775a7d85ead4,wshelto,B > A,Helps me better understand the concept; Aligns better with my level of knowledge,2025-10-26 22:25:46
2a8e5642ebacb814,moor1329,B > A,Helps me better understand the concept; Aligns better with my level of knowledge,2025-10-26 22:26:37
aa741201f2033bdb,pate3051,A > B,"Better explains the errors in my strategy; Other: Feedback B seems like it is just summarizing what I should have said, It doesn't give me any real feedback. On the other hand, feedback A it compares what I did to what is correct.",2025-10-26 22:31:52
2d482b696eb7c369,khetric,A > B,Helps me better understand the concept; Aligns better with my level of knowledge,2025-10-26 22:36:20
ef413e8ae10a4152,wzalazni,A > B,Helps me better understand the concept; Better explains the errors in my strategy; Aligns better with my level of knowledge,2025-10-26 22:38:07
6634823ae70da7c0,hgalovic,B > A,Helps me better understand the concept; Better explains the errors in my strategy; Aligns better with my level of knowledge,2025-10-26 22:40:45
5259e141d8988bd7,ande1625,B > A,Helps me better understand the concept; Other: Easier and more thorough breakdown of how to solve the problem.,2025-10-26 22:47:31
2cad8e03765b28b4,liu4452,B > A,Helps me better understand the concept,2025-10-26 22:50:12
13abf8882c46d715,sharalka,A > B,Helps me better understand the concept,2025-10-26 22:58:18
13abf8882c46d715,sharalka,A > B,Helps me better understand the concept,2025-10-26 22:59:05
ca839393a64a4108,varga140,B > A,Helps me better understand the concept; Aligns better with my level of knowledge; Other: B does a better job of specifically addressing the process of solving the equation and Is more in-depth in the way it describes each aspect and how consider them. It also mentions that I should have stated my assumptions.,2025-10-26 23:01:59
cf58c78816995de1,weber273,B > A,Helps me better understand the concept; Aligns better with my level of knowledge,2025-10-26 23:08:04
7815bb2c883fc592,jshrimp,A > B,Helps me better understand the concept,2025-10-26 23:08:15
7815bb2c883fc592,jshrimp,A > B,Helps me better understand the concept,2025-10-26 23:09:40
bca6ca87e2f8395b,dsesha,A > B,Helps me better understand the concept; Aligns better with my level of knowledge,2025-10-26 23:10:32
bca6ca87e2f8395b,dsesha,A > B,Helps me better understand the concept; Aligns better with my level of knowledge,2025-10-26 23:10:46
1e8ad1c5d504fbf3,hadley34,B > A,"Better explains the errors in my strategy; Aligns better with my level of knowledge; Other: Also, I feel like A does not go into the specifics that I personally need to understand complicated concepts/problems.",2025-10-26 23:22:20
5bfb776d1b3487fd,rajesh59,B > A,Helps me better understand the concept; Better explains the errors in my strategy; Aligns better with my level of knowledge; Other: Feedback B was just more in-depth so I understood it better.,2025-10-26 23:30:16
a3785f1f806d598d,theurer,B > A,Better explains the errors in my strategy,2025-10-26 23:30:54
5bfb776d1b3487fd,rajesh59,B > A,Helps me better understand the concept; Better explains the errors in my strategy; Aligns better with my level of knowledge; Other: Feedback B was just more in-depth so I understood it better.,2025-10-26 23:31:10
2a6e58bfe0648e3b,ssentany,B > A,Better explains the errors in my strategy; Aligns better with my level of knowledge,2025-10-26 23:32:02
7ff43b2ed985849b,ntu,A > B,"Helps me better understand the concept; Better explains the errors in my strategy; Aligns better with my level of knowledge; Other: This feedback is more straightforward and clearly points out the main mistake I made (what’s happening with energy at the top). It explains what I should fix without adding too much extra complexity, so it feels easier to follow and apply.",2025-10-26 23:36:19
21501e0db3d0352b,napier19,B > A,Helps me better understand the concept,2025-10-26 23:37:52
bea4c381ae89295a,smotherd,A > B,Helps me better understand the concept; Better explains the errors in my strategy; Aligns better with my level of knowledge,2025-10-26 23:38:31
21501e0db3d0352b,napier19,B > A,Better explains the errors in my strategy,2025-10-26 23:38:33
fae5146213142aeb,seilerl,A > B,"Better explains the errors in my strategy; Other: Strategy B asks me to write out the equations for the drag forces, while the question directly states not to write out equations. Also, feedback A gives me good advice as clearly outlining the system and the surroundings would make my solution easier to explain and better define the work in the situation.",2025-10-26 23:52:02
7a6551c31e162af4,barke156,A > B,Helps me better understand the concept; Aligns better with my level of knowledge,2025-10-26 23:54:31
968d57bbad8f1b02,stuckym,B > A,Helps me better understand the concept; Aligns better with my level of knowledge; Other: Feedback B was more detailed and better outlined the setup in a way that I could understand.  I like that it better explains how to split up the energy equations in the upward and downward motion.,2025-10-26 23:56:02
b5c45ac6e0b431e6,thomson6,A > B,Helps me better understand the concept; Better explains the errors in my strategy,2025-10-27 00:01:04
c30e5cf1da0e07ea,goliger,B > A,Aligns better with my level of knowledge,2025-10-27 00:13:56
d2c7836d4518c943,pate2290,B > A,Helps me better understand the concept; Aligns better with my level of knowledge,2025-10-27 00:14:12
c30e5cf1da0e07ea,goliger,B > A,Aligns better with my level of knowledge,2025-10-27 00:14:23
d2c7836d4518c943,pate2290,B > A,Helps me better understand the concept; Aligns better with my level of knowledge,2025-10-27 00:15:07
0299929d175bba41,menon118,A > B,Helps me better understand the concept,2025-10-27 00:22:34
86f5b7e8ae49db77,dwallin,A > B,Helps me better understand the concept; Better explains the errors in my strategy,2025-10-27 00:22:44
b9cec1a05fcceba0,jjovic,B > A,"Helps me better understand the concept; Better explains the errors in my strategy; Aligns better with my level of knowledge; Other: Gives an ordered procedure to find drag work from the given height and launch speed, then transfer that to the final speed.",2025-10-27 00:24:41
86f5b7e8ae49db77,dwallin,A > B,Helps me better understand the concept; Better explains the errors in my strategy,2025-10-27 00:26:10
8cad9fe49804feef,john4672,B > A,Helps me better understand the concept; Aligns better with my level of knowledge,2025-10-27 00:27:28
8cad9fe49804feef,john4672,B > A,Helps me better understand the concept; Aligns better with my level of knowledge,2025-10-27 00:28:29
b890ca82ceb3c611,piper18,A > B,Helps me better understand the concept; Aligns better with my level of knowledge,2025-10-27 00:39:26
b890ca82ceb3c611,piper18,A > B,Helps me better understand the concept; Aligns better with my level of knowledge,2025-10-27 00:40:15
fd1a5d2d2244d524,pavlovi1,B > A,Helps me better understand the concept,2025-10-27 00:40:26
87b3d8d4147fedfa,wang7156,A > B,Helps me better understand the concept; Aligns better with my level of knowledge; Other: Uses a step by step process rather than a general idea. Establishes the assumptions made as step one,2025-10-27 00:41:30
1c2ebf0b36770a5b,hami,B > A,Helps me better understand the concept; Aligns better with my level of knowledge,2025-10-27 01:01:00
ff0e2e28b49ceb6e,pillalam,A > B,Helps me better understand the concept,2025-10-27 01:01:23
816849076459d01d,cho690,A > B,Better explains the errors in my strategy; Other: It is very specific,2025-10-27 01:02:22
a9949fd6f4fa912f,cruz279,B > A,Better explains the errors in my strategy; Aligns better with my level of knowledge,2025-10-27 01:05:02
ff0e2e28b49ceb6e,pillalam,A > B,Helps me better understand the concept,2025-10-27 01:10:50
05ef5bab6e293136,yu1585,B > A,Helps me better understand the concept; Better explains the errors in my strategy,2025-10-27 01:12:41
68524d930f267f82,tayl1614,A > B,Helps me better understand the concept; Aligns better with my level of knowledge,2025-10-27 01:14:40
68524d930f267f82,tayl1614,A > B,Helps me better understand the concept; Aligns better with my level of knowledge,2025-10-27 01:15:14
4f4903a78fccf8a5,luong6,A > B,Helps me better understand the concept; Better explains the errors in my strategy,2025-10-27 01:16:04
952eea547be3dffc,mheitner,A > B,Helps me better understand the concept; Better explains the errors in my strategy,2025-10-27 01:16:44
952eea547be3dffc,mheitner,A > B,Helps me better understand the concept; Better explains the errors in my strategy,2025-10-27 01:16:56
85f965bbf3b65acd,fu482,A > B,Aligns better with my level of knowledge,2025-10-27 01:21:25
9c8cfd13d5d28864,keefbm01,B > A,Helps me better understand the concept; Better explains the errors in my strategy; Aligns better with my level of knowledge; Other: Feedback B was much simpler to understand.,2025-10-27 01:22:13
0b3ae4eb7274d242,tsegovia,A > B,Helps me better understand the concept; Better explains the errors in my strategy,2025-10-27 01:30:41
0b3ae4eb7274d242,tsegovia,A > B,Helps me better understand the concept; Better explains the errors in my strategy,2025-10-27 01:31:13
f9d349c8a555a0b3,soni57,B > A,Aligns better with my level of knowledge,2025-10-27 01:55:35
8b731c1c4dff84c6,swachsma,A > B,"Helps me better understand the concept; Aligns better with my level of knowledge; Other: The way it explains my errors is more positive, yet it also gets the point across more clearly in more every day tone.",2025-10-27 01:56:39
10275ebad56b533a,pdendulu,B > A,Helps me better understand the concept; Better explains the errors in my strategy,2025-10-27 01:57:46
10275ebad56b533a,pdendulu,B > A,Helps me better understand the concept; Better explains the errors in my strategy,2025-10-27 01:57:54
67d1251b07f024b0,ethralls,A > B,Helps me better understand the concept; Aligns better with my level of knowledge,2025-10-27 01:58:33
67d1251b07f024b0,ethralls,A > B,Helps me better understand the concept; Aligns better with my level of knowledge,2025-10-27 01:58:48
bf437577b0dddeb7,nbruccul,B > A,Helps me better understand the concept; Better explains the errors in my strategy; Other: Response B more succinctly tells me where I was right and where I was wrong. It cuts out some of the fluff that is less important and tells me what I need to know.,2025-10-27 01:59:17
434bff915453ab85,moser64,A > B,Helps me better understand the concept; Better explains the errors in my strategy,2025-10-27 02:00:13
c194df086205a583,rbruemme,A > B,"Helps me better understand the concept; Aligns better with my level of knowledge; Other: Because it is simpler, it is easier for me to apply what I know instead of reading through the long paragraph and trying to understand it all.",2025-10-27 02:00:30
87d07aa85b5f9902,araujol,B > A,Helps me better understand the concept; Better explains the errors in my strategy; Aligns better with my level of knowledge,2025-10-27 02:07:29
832fa9990488fe2b,pate2638,B > A,Helps me better understand the concept; Better explains the errors in my strategy,2025-10-27 02:12:46
c50a08a1c5be4902,blannom,A > B,Better explains the errors in my strategy; Aligns better with my level of knowledge,2025-10-27 02:13:50
2280a5be1f0c8e35,gopalar,A > B,Better explains the errors in my strategy,2025-10-27 02:19:40
61773556b42a9427,somsjd01,B > A,Helps me better understand the concept,2025-10-27 02:25:02
0c4b25f05e05cb99,jjanosy,B > A,Helps me better understand the concept; Better explains the errors in my strategy,2025-10-27 02:38:30
5b38cdea0511b460,jsalame,B > A,Helps me better understand the concept; Better explains the errors in my strategy,2025-10-27 02:39:29
4392908e2b1a88d8,tbubier,B > A,Helps me better understand the concept; Better explains the errors in my strategy,2025-10-27 02:44:27
490302910657d6dc,murph688,A > B,Helps me better understand the concept; Better explains the errors in my strategy,2025-10-27 02:46:37
7abd67d0b211f1a6,matth150,A > B,Helps me better understand the concept; Better explains the errors in my strategy,2025-10-27 02:47:26
0af16aeeda3bea91,yu1490,B > A,Helps me better understand the concept; Aligns better with my level of knowledge,2025-10-27 02:48:26
0af16aeeda3bea91,yu1490,B > A,Helps me better understand the concept; Aligns better with my level of knowledge,2025-10-27 02:48:43
216dc96bcc0ff2d9,cstapley,A > B,Better explains the errors in my strategy,2025-10-27 03:00:22
4a2df92da5322cfc,ong57,B > A,Helps me better understand the concept; Better explains the errors in my strategy,2025-10-27 03:01:34
ac93a718f235e825,kent55,B > A,Helps me better understand the concept; Aligns better with my level of knowledge,2025-10-27 03:03:37
4e74af9c0af87f25,wang7060,B > A,Helps me better understand the concept; Better explains the errors in my strategy; Aligns better with my level of knowledge,2025-10-27 03:06:26
20bece700b5e825b,mjoyson,A > B,Helps me better understand the concept,2025-10-27 03:12:20
499f33db545aee96,baile399,B > A,"Helps me better understand the concept; Aligns better with my level of knowledge; Other: Uses specific, technical language that allows me to picture where certain values fit into the equations that we use. It uses technical language, but puts it simply.",2025-10-27 03:13:52
18d49294ee081728,koffenb,A > B,Better explains the errors in my strategy,2025-10-27 03:18:52
06a1eff69984e330,nsarna,B > A,Helps me better understand the concept; Better explains the errors in my strategy; Aligns better with my level of knowledge,2025-10-27 03:23:49
608b273c9d4db43b,edwar491,B > A,Better explains the errors in my strategy; Other: The feedback is more concise and transparent.,2025-10-27 03:29:13
18f322645c8257d4,laub1,B > A,Helps me better understand the concept; Better explains the errors in my strategy,2025-10-27 03:52:47
2b3c29cd2db1b805,dwyer56,B > A,Helps me better understand the concept; Better explains the errors in my strategy; Aligns better with my level of knowledge,2025-10-27 04:03:27
adf35027314987b1,dhilleg,B > A,Better explains the errors in my strategy,2025-10-27 04:06:01
adf35027314987b1,dhilleg,B > A,Helps me better understand the concept; Better explains the errors in my strategy,2025-10-27 04:11:03
d3251eeaca8bc16c,poone,A > B,Helps me better understand the concept; Aligns better with my level of knowledge,2025-10-27 04:18:22
d3251eeaca8bc16c,poone,A > B,Helps me better understand the concept; Aligns better with my level of knowledge,2025-10-27 04:18:33
f3b7cb0b79019be2,ddrakas,A > B,Better explains the errors in my strategy; Aligns better with my level of knowledge,2025-10-27 04:19:45
f3b7cb0b79019be2,ddrakas,A > B,Better explains the errors in my strategy; Aligns better with my level of knowledge,2025-10-27 04:20:27
7a6d3101ae03625a,basut,A > B,Helps me better understand the concept; Better explains the errors in my strategy; Aligns better with my level of knowledge,2025-10-27 04:21:32
987fd926ecad3fda,echari,B > A,Helps me better understand the concept; Better explains the errors in my strategy; Other: Provides more specific instructions on how to solve the problem.,2025-10-27 04:46:12
49f15c4a5f5067c7,chapm186,B > A,Helps me better understand the concept; Aligns better with my level of knowledge,2025-10-27 04:58:12
49f15c4a5f5067c7,chapm186,B > A,Helps me better understand the concept; Aligns better with my level of knowledge,2025-10-27 04:58:30
8eecd42955e226fe,apuliven,B > A,"Helps me better understand the concept; Other: I feel like Feedback B was more constructive and provided concrete improvements to my response in a chronological order. It clearly outlined what a good answer would look like, allowing me to ascertain any improvements I could make in my response. Feedback A, while not completely ineffective, repeats many points that I already mentioned in my response and is less easy to read than Feedback B in my opinion.",2025-10-27 05:06:11
8293196c755da7fd,lin2171,A > B,Helps me better understand the concept; Better explains the errors in my strategy,2025-10-27 05:19:02
c5ab5cdbe47d4039,khann131,B > A,Aligns better with my level of knowledge,2025-10-27 05:22:41
47a153769ab2fecb,wallen11,B > A,Helps me better understand the concept; Aligns better with my level of knowledge,2025-10-27 05:36:46
97764e01bf0324ce,xue220,B > A,Helps me better understand the concept; Aligns better with my level of knowledge,2025-10-27 06:05:54
f0b3032b8ccf2787,ngujral,A > B,Helps me better understand the concept; Better explains the errors in my strategy,2025-10-27 09:05:30
f0b3032b8ccf2787,ngujral,A > B,Helps me better understand the concept; Better explains the errors in my strategy,2025-10-27 09:07:16
5aef1aee64d3df45,cooke41,A > B,Helps me better understand the concept; Aligns better with my level of knowledge,2025-10-27 11:27:30
9c58a1d765faecad,fffrench,A > B,Helps me better understand the concept; Aligns better with my level of knowledge,2025-10-27 11:47:34
9c58a1d765faecad,fffrench,A > B,Helps me better understand the concept; Aligns better with my level of knowledge,2025-10-27 11:48:51
d3115f9f95b1dba2,cbergdol,A > B,Helps me better understand the concept; Better explains the errors in my strategy,2025-10-27 11:50:18
47c1d62aed35c71c,mccor112,B > A,Helps me better understand the concept; Better explains the errors in my strategy,2025-10-27 12:05:34
47c1d62aed35c71c,mccor112,B > A,Helps me better understand the concept; Better explains the errors in my strategy,2025-10-27 12:06:21
b0c26bd7d5d98251,opaff,B > A,Helps me better understand the concept; Better explains the errors in my strategy,2025-10-27 12:26:54
eecfd6a44c52b5ff,nandakuk,B > A,Better explains the errors in my strategy,2025-10-27 12:45:29
44c7d18f17c880d0,isacco,B > A,Better explains the errors in my strategy,2025-10-27 13:04:04
3e3a6bb553c78c92,lam249,A > B,Helps me better understand the concept; Better explains the errors in my strategy,2025-10-27 13:06:47
1a39d0955c5951a7,alexa354,B > A,Helps me better understand the concept; Other: I prefer B because it explicitly tells me exactly what to do with the work and the time intervals. It also explains what is in the system and surroundings.,2025-10-27 13:17:37
c5177346de8283d6,nburanin,A > B,Helps me better understand the concept; Other: Explanation is much more simple,2025-10-27 13:28:19
c5177346de8283d6,nburanin,A > B,Helps me better understand the concept; Other: Explanation is much more simple,2025-10-27 13:28:27
6e5e0d3f293e3195,cnorejko,B > A,Helps me better understand the concept; Aligns better with my level of knowledge,2025-10-27 13:32:58
b74727baa24333c6,scheerim,B > A,Helps me better understand the concept; Aligns better with my level of knowledge,2025-10-27 13:40:28
b74727baa24333c6,scheerim,B > A,Helps me better understand the concept; Aligns better with my level of knowledge,2025-10-27 13:40:49
30f2626ebbb94d49,tian282,A > B,Helps me better understand the concept; Better explains the errors in my strategy,2025-10-27 13:44:14
42e4118a950adfd7,kim4882,B > A,"Helps me better understand the concept; Aligns better with my level of knowledge; Other: Feedback A mentions using ""apex height"" and is very descriptive in explaining it. Still, at least in my case, I don't need every single intricacy explained to me to fully understand the concept, because it ends up confusing me more than helping me. B is straightforward and gets to the point bluntly.",2025-10-27 13:53:04
cf4512651e8a7d8c,pscargil,A > B,Helps me better understand the concept; Better explains the errors in my strategy,2025-10-27 14:04:28
cf4512651e8a7d8c,pscargil,A > B,Helps me better understand the concept; Better explains the errors in my strategy,2025-10-27 14:05:35
ef54a4b547ae43b9,kirschnm,B > A,Helps me better understand the concept; Better explains the errors in my strategy,2025-10-27 14:07:55
4a616ccb7391170d,chauha91,A > B,Helps me better understand the concept; Other: A does not state that you can solve the problem using work done by gravity or gravitational energy (which B does and is incorrect - or depends on the system. But none of them were good enough - none stated what the system is defined as),2025-10-27 14:16:55
05d3c01d27e913d3,morga458,B > A,Helps me better understand the concept; Aligns better with my level of knowledge; Other: This feedback lays out the problem better for me to understand by kind of walking through the problem-solving process in the same way that I would.  It is helpful showing the steps taken and explaining the assumptions and approximations needed to reach the end result.,2025-10-27 14:17:55
bb0a29fba5a419e9,crane54,B > A,Helps me better understand the concept; Better explains the errors in my strategy; Aligns better with my level of knowledge,2025-10-27 14:18:06
6a5596b6567caa13,weeks30,B > A,Helps me better understand the concept; Aligns better with my level of knowledge,2025-10-27 14:22:29
6eb8af3037a21922,shah1240,A > B,Helps me better understand the concept; Other: This isn't really feedback it is just another way of answering the question.,2025-10-27 14:22:57
1b290e7a90e5ddbc,nshriram,A > B,Helps me better understand the concept; Better explains the errors in my strategy,2025-10-27 14:25:08
1b290e7a90e5ddbc,nshriram,A > B,Helps me better understand the concept; Better explains the errors in my strategy,2025-10-27 14:26:10
8fa359a313cea868,arts,A > B,Better explains the errors in my strategy; Aligns better with my level of knowledge,2025-10-27 14:31:14
8fa359a313cea868,arts,A > B,Better explains the errors in my strategy; Aligns better with my level of knowledge,2025-10-27 14:32:08
2c82fff428dbba1d,davi2426,A > B,Helps me better understand the concept; Better explains the errors in my strategy,2025-10-27 14:33:20
116cde0594fee615,moses14,B > A,Helps me better understand the concept; Other: It seems to try and explain it in a similar manner of thinking and wording as I explained my thoughts which I believe helps connect its explanation in my head more and allows me to figure out what it is saying faster.,2025-10-27 14:33:49
2c82fff428dbba1d,davi2426,A > B,Helps me better understand the concept; Better explains the errors in my strategy,2025-10-27 14:35:25
897393abbdec1ccf,mburzyns,A > B,Helps me better understand the concept; Better explains the errors in my strategy,2025-10-27 14:36:51
1ed97a8a6421be38,soni72,A > B,Helps me better understand the concept; Better explains the errors in my strategy; Aligns better with my level of knowledge,2025-10-27 14:37:16
74746446d1827b40,tpember,A > B,Helps me better understand the concept; Better explains the errors in my strategy; Aligns better with my level of knowledge,2025-10-27 14:37:17
72f5c73bc1b36d0a,aaouda,A > B,Helps me better understand the concept; Better explains the errors in my strategy; Aligns better with my level of knowledge,2025-10-27 14:37:17
897393abbdec1ccf,mburzyns,A > B,Helps me better understand the concept; Better explains the errors in my strategy,2025-10-27 14:37:26
97203dc2dc86b34d,ackleyc,A > B,Helps me better understand the concept; Better explains the errors in my strategy; Other: Option B would require to state numbers and we were asked not to use numbers. Option A still wants me to list numbers but I can work my way around it.,2025-10-27 14:38:02
165e2fb2d0609d78,votten,A > B,Helps me better understand the concept; Better explains the errors in my strategy,2025-10-27 14:38:41
6b36ba1b1040c0bf,salmong,B > A,Helps me better understand the concept; Aligns better with my level of knowledge; Other: The vocabulary was more like what I expected to hear in lecture or when asking a question to someone who is also in the class. Feedback A also seemed to make some quick assumptions that Feedback B didn't skip over as quickly.,2025-10-27 14:39:52
7d529a67d20a2ab3,dang120,A > B,Helps me better understand the concept; Better explains the errors in my strategy,2025-10-27 14:40:09
ad1580497d94e8a0,hill666,B > A,Helps me better understand the concept; Better explains the errors in my strategy; Aligns better with my level of knowledge,2025-10-27 14:42:21
5340749152009f27,kdesired,B > A,Helps me better understand the concept; Better explains the errors in my strategy; Aligns better with my level of knowledge; Other: Option A doesn't refer to my response at all. It just explains to me how to do it whereas option B tells me where I could have improved.,2025-10-27 14:42:22
bffa8cbb7b056418,chen5682,B > A,Better explains the errors in my strategy,2025-10-27 14:43:58
da36ec5bb9ad814d,kmac,A > B,Helps me better understand the concept,2025-10-27 14:44:18
581725c6f813625e,muremov,B > A,Helps me better understand the concept; Better explains the errors in my strategy,2025-10-27 14:48:10
96743ec06fdce3a7,whit1199,B > A,Helps me better understand the concept; Better explains the errors in my strategy; Aligns better with my level of knowledge,2025-10-27 14:49:50
8b7a509cd38045ad,bottn,B > A,Helps me better understand the concept; Better explains the errors in my strategy,2025-10-27 14:50:22
c7bb8c88bd69fd91,flower34,B > A,Helps me better understand the concept,2025-10-27 14:51:29
282236e1fa28c517,qiu283,B > A,Better explains the errors in my strategy,2025-10-27 14:52:21
6da1991fffeb09fb,uy5,A > B,Helps me better understand the concept; Better explains the errors in my strategy,2025-10-27 14:52:23
267adaea6051270c,ingec,B > A,Helps me better understand the concept; Aligns better with my level of knowledge,2025-10-27 14:52:34
282236e1fa28c517,qiu283,B > A,Better explains the errors in my strategy,2025-10-27 14:52:41
8b1aebfe075b6c31,bhollora,B > A,Helps me better understand the concept; Aligns better with my level of knowledge,2025-10-27 14:54:58
6b558ed6b4028457,haag9,B > A,Helps me better understand the concept; Better explains the errors in my strategy; Other: I feel like feedback B does a better job of explaining in a clear and concise way.,2025-10-27 14:55:45
7d697a9294a4daed,scott804,A > B,Aligns better with my level of knowledge,2025-10-27 14:57:44
d2d1703da5c21a9e,lee5252,B > A,Helps me better understand the concept; Aligns better with my level of knowledge,2025-10-27 14:57:55
91929f6eda8fc026,eldrid44,A > B,Helps me better understand the concept; Better explains the errors in my strategy; Aligns better with my level of knowledge,2025-10-27 14:58:13
2b91ba7449565fa7,ageltser,B > A,Better explains the errors in my strategy,2025-10-27 14:59:16
67163f4edd4abd8c,ramamua,A > B,Helps me better understand the concept; Better explains the errors in my strategy; Aligns better with my level of knowledge,2025-10-27 15:01:01
67163f4edd4abd8c,ramamua,A > B,Helps me better understand the concept; Better explains the errors in my strategy; Aligns better with my level of knowledge,2025-10-27 15:01:20
d9b1397760cb4fa5,monroe51,A > B,Helps me better understand the concept; Better explains the errors in my strategy; Aligns better with my level of knowledge; Other: A is much more detailed and explains the process much more thoroughly than B. B is fairly general and doesn't explain the actual calculations that take place.,2025-10-27 15:06:10
efdf21d5c7000b73,frank209,B > A,Better explains the errors in my strategy; Other: Answer B clearly specifies the steps I would need to follow.,2025-10-27 15:08:27
d2158381533198ac,mkarumu,B > A,Better explains the errors in my strategy,2025-10-27 15:10:06
bbbd886a88594a66,ritchi42,B > A,"Better explains the errors in my strategy; Aligns better with my level of knowledge; Other: Feedback B does a better job at giving me feedback on what I did wrong, and a better job at breaking down exacting what I should have done.",2025-10-27 15:18:59
dc00df6411515efc,ashakked,A > B,Better explains the errors in my strategy; Aligns better with my level of knowledge,2025-10-27 15:19:34
dc00df6411515efc,ashakked,A > B,Helps me better understand the concept; Better explains the errors in my strategy,2025-10-27 15:20:07
06b9dd7b10621079,lee5046,B > A,Helps me better understand the concept; Aligns better with my level of knowledge,2025-10-27 15:20:47
06b9dd7b10621079,lee5046,A > B,Helps me better understand the concept; Aligns better with my level of knowledge,2025-10-27 15:21:17
be7248f357f0f1f9,ceddingt,A > B,Helps me better understand the concept; Better explains the errors in my strategy; Aligns better with my level of knowledge,2025-10-27 15:22:27
3c3df9dd8d4302e5,cai452,A > B,Better explains the errors in my strategy,2025-10-27 15:24:59
ded4aaf55a9de2e9,oyip,B > A,Helps me better understand the concept; Better explains the errors in my strategy,2025-10-27 15:27:39
ded4aaf55a9de2e9,oyip,B > A,Helps me better understand the concept; Better explains the errors in my strategy,2025-10-27 15:29:24
34e07e22604e7926,gbyam,B > A,Helps me better understand the concept; Better explains the errors in my strategy,2025-10-27 15:29:59
e6671254a9cdb903,acerquei,A > B,Helps me better understand the concept; Aligns better with my level of knowledge,2025-10-27 15:32:33
959953267332f68e,asulvett,B > A,Helps me better understand the concept; Better explains the errors in my strategy; Aligns better with my level of knowledge; Other: Feedback B makes more sense to me and it helps me understand where I couldve done better.,2025-10-27 15:33:58
606e5b79cfb52908,hedric11,A > B,Aligns better with my level of knowledge,2025-10-27 15:34:50
56898c323ad124f5,jboegli,A > B,Helps me better understand the concept; Better explains the errors in my strategy,2025-10-27 15:35:28
427300b41f169363,eozete,B > A,Helps me better understand the concept; Better explains the errors in my strategy; Aligns better with my level of knowledge,2025-10-27 15:35:49
427300b41f169363,eozete,B > A,Helps me better understand the concept; Better explains the errors in my strategy; Aligns better with my level of knowledge; Other: Feedback B acknowledges the process that I took while trying to answer the question and works off of it instead of completely scrapping what I had.,2025-10-27 15:39:15
295064106660aa4d,burns439,A > B,Helps me better understand the concept; Better explains the errors in my strategy; Aligns better with my level of knowledge,2025-10-27 15:41:47
e4a1c62e531dfeb6,twarr,A > B,Helps me better understand the concept; Other: The simpler language makes the feedback easier to process.,2025-10-27 15:42:06
584912029e4efca6,grossp,B > A,Helps me better understand the concept; Better explains the errors in my strategy,2025-10-27 15:43:41
aeb52c4a0cde58ae,king755,B > A,Helps me better understand the concept; Better explains the errors in my strategy,2025-10-27 15:44:15
ebc5d61576263e62,eabdoney,B > A,Helps me better understand the concept; Better explains the errors in my strategy,2025-10-27 15:44:58
61b18a502af190c7,cox507,B > A,Helps me better understand the concept; Aligns better with my level of knowledge,2025-10-27 15:46:34
02f12c3f13b035d6,jenni101,A > B,Helps me better understand the concept,2025-10-27 15:49:11
ca53db9f5193d198,cox598,B > A,Helps me better understand the concept; Better explains the errors in my strategy,2025-10-27 15:51:41
a64f0bc249584538,bblachl,B > A,Helps me better understand the concept; Aligns better with my level of knowledge,2025-10-27 15:55:48
a64f0bc249584538,bblachl,B > A,Helps me better understand the concept; Aligns better with my level of knowledge,2025-10-27 15:56:03
29dda454af4fa731,radfordh,A > B,Helps me better understand the concept; Better explains the errors in my strategy; Aligns better with my level of knowledge,2025-10-27 15:57:59
8a9cad923b584189,nadimpaa,A > B,"Helps me better understand the concept; Aligns better with my level of knowledge; Other: Feedback A is a lot more thorough and states all the assumptions clearly as well, before proceeding with the concepts. It is also a lot more step-by-step and intuitive to follow the line of reasoning for Feedback A.",2025-10-27 15:59:38
17df23542558ee5f,lflemmin,A > B,Helps me better understand the concept; Better explains the errors in my strategy,2025-10-27 15:59:47
9f4a0cb31eff5994,chong80,A > B,Helps me better understand the concept; Better explains the errors in my strategy,2025-10-27 16:02:29
9a606f62ab0ebd5b,ddegenna,B > A,"Other: The instructions explicitly state that I cannot use symbols or equations, but feedback A recommends I do so.",2025-10-27 16:07:01
774df3f231fd4d7e,kim5029,B > A,Helps me better understand the concept; Better explains the errors in my strategy; Aligns better with my level of knowledge,2025-10-27 16:08:32
a1e70394216cc7f8,moser86,B > A,Helps me better understand the concept; Better explains the errors in my strategy,2025-10-27 16:08:41
a1e70394216cc7f8,moser86,B > A,Helps me better understand the concept; Better explains the errors in my strategy,2025-10-27 16:08:41
a1e70394216cc7f8,moser86,B > A,Helps me better understand the concept; Better explains the errors in my strategy,2025-10-27 16:08:41
a1e70394216cc7f8,moser86,B > A,Helps me better understand the concept; Better explains the errors in my strategy,2025-10-27 16:08:44
a1e70394216cc7f8,moser86,B > A,Helps me better understand the concept; Better explains the errors in my strategy,2025-10-27 16:08:44
a1e70394216cc7f8,moser86,B > A,Helps me better understand the concept; Better explains the errors in my strategy,2025-10-27 16:08:44
a1e70394216cc7f8,moser86,B > A,Helps me better understand the concept; Better explains the errors in my strategy,2025-10-27 16:08:44
bc96bd33e7c5b4fc,hoang96,A > B,Helps me better understand the concept; Aligns better with my level of knowledge,2025-10-27 16:11:37
e8bb8c3daba421c8,bjayanth,A > B,Other: I feel like the response is more specific for what we needed to explain. It explains the steps in order to calculate the final velocity and overall helps with better comprehension.,2025-10-27 16:12:38
581f973646ebabe1,kulka228,B > A,Helps me better understand the concept,2025-10-27 16:18:35
581f973646ebabe1,kulka228,B > A,Helps me better understand the concept,2025-10-27 16:19:22
74de09155ae91844,amuvvala,A > B,Helps me better understand the concept; Aligns better with my level of knowledge,2025-10-27 16:25:47
152ab5dcbe227510,dcaton,A > B,Helps me better understand the concept; Better explains the errors in my strategy; Aligns better with my level of knowledge; Other: explains the strategy I used and what parts I left out in my description of how to solve the problem. (explained better),2025-10-27 16:31:22
6671c79cf77988db,mgrimsic,B > A,Helps me better understand the concept; Better explains the errors in my strategy,2025-10-27 16:32:19
07ee5cf3376b8808,chen5433,A > B,Helps me better understand the concept; Better explains the errors in my strategy,2025-10-27 16:33:07
07ee5cf3376b8808,chen5433,A > B,Helps me better understand the concept; Better explains the errors in my strategy,2025-10-27 16:33:16
feee24653a81df7b,malcolms,B > A,Helps me better understand the concept; Better explains the errors in my strategy; Aligns better with my level of knowledge,2025-10-27 16:33:45
faa0174a6591d187,mulaka,B > A,Helps me better understand the concept; Better explains the errors in my strategy,2025-10-27 16:36:54
0082b22d99ffd2d9,burke276,A > B,Helps me better understand the concept; Aligns better with my level of knowledge,2025-10-27 16:37:12
b1f6afe013b08415,skatoch,A > B,Helps me better understand the concept; Better explains the errors in my strategy,2025-10-27 16:40:52
d5f6e307967580b5,ztescher,B > A,Better explains the errors in my strategy,2025-10-27 16:41:15
e90e8702a8348fcf,rao294,B > A,Helps me better understand the concept; Other: The language used was simpler and more concise whilst Feedback A felt over the top and confused the subject more than needed with unnecessary language.,2025-10-27 16:44:51
e90e8702a8348fcf,rao294,B > A,Helps me better understand the concept,2025-10-27 16:45:12
ed5f65079a9ff77c,lupas,B > A,Helps me better understand the concept; Aligns better with my level of knowledge,2025-10-27 16:46:04
1fdf510c2870615c,vwester,B > A,Helps me better understand the concept; Better explains the errors in my strategy,2025-10-27 16:46:38
65cefa56f66b2d64,mbernack,B > A,Better explains the errors in my strategy,2025-10-27 16:49:43
bffa119abd0ce8b4,das316,B > A,Helps me better understand the concept,2025-10-27 16:49:45
d01e5a139500bba2,tharakan,A > B,Better explains the errors in my strategy,2025-10-27 16:52:19
d51e232300d1c715,gordo261,A > B,Helps me better understand the concept,2025-10-27 16:57:13
d51e232300d1c715,gordo261,A > B,Helps me better understand the concept,2025-10-27 16:57:31
3637af1700879863,nmakarew,B > A,Better explains the errors in my strategy,2025-10-27 16:58:47
dd8dca4d772aa14b,myeram09,A > B,Helps me better understand the concept; Aligns better with my level of knowledge,2025-10-27 17:01:00
9bb831b4c2af52c0,boland11,B > A,Better explains the errors in my strategy,2025-10-27 17:01:40
5d58f61d6f74781f,allen845,A > B,Helps me better understand the concept; Aligns better with my level of knowledge,2025-10-27 17:01:59
f84164a4c6b185d5,forgjk01,B > A,Helps me better understand the concept; Aligns better with my level of knowledge,2025-10-27 17:05:54
f84164a4c6b185d5,forgjk01,B > A,Helps me better understand the concept; Aligns better with my level of knowledge,2025-10-27 17:08:37
c8d68c05178f0db3,berry205,A > B,Helps me better understand the concept; Better explains the errors in my strategy; Aligns better with my level of knowledge,2025-10-27 17:08:49
435176eac68b54c0,zhan5642,B > A,Better explains the errors in my strategy; Aligns better with my level of knowledge; Other: Uses less complicated language to get the same message across. A lot easier to understand.,2025-10-27 17:11:01
c8d68c05178f0db3,berry205,A > B,Helps me better understand the concept; Better explains the errors in my strategy; Aligns better with my level of knowledge,2025-10-27 17:12:16
687b87f7b91c6f71,sparks65,B > A,Helps me better understand the concept; Better explains the errors in my strategy,2025-10-27 17:13:09
e1e5dc422544195b,mealyg,A > B,Better explains the errors in my strategy,2025-10-27 17:16:58
435c1f68e18a7930,ross448,B > A,Helps me better understand the concept; Better explains the errors in my strategy,2025-10-27 17:18:51
afb0a9dd3aa4559e,sediris,B > A,Helps me better understand the concept; Aligns better with my level of knowledge,2025-10-27 17:19:54
2d54f04e65017b3b,dmccaski,B > A,Helps me better understand the concept; Aligns better with my level of knowledge,2025-10-27 17:22:07
e1e5dc422544195b,mealyg,A > B,Helps me better understand the concept,2025-10-27 17:22:28
3905a11f8cb7c9ab,garc1074,A > B,Helps me better understand the concept; Better explains the errors in my strategy; Aligns better with my level of knowledge,2025-10-27 17:23:21
577c478aef90dc5c,panickep,B > A,"Helps me better understand the concept; Aligns better with my level of knowledge; Other: B also spoke about the system vs the surroundings, which is something A did not include.",2025-10-27 17:25:07
1d08184155209b03,brittonh,A > B,Helps me better understand the concept; Better explains the errors in my strategy; Aligns better with my level of knowledge,2025-10-27 17:29:39
2c76be3b165c5876,apallath,B > A,Helps me better understand the concept; Better explains the errors in my strategy; Aligns better with my level of knowledge,2025-10-27 17:31:38
356fa4c1d5dc677b,hanse247,A > B,Helps me better understand the concept; Better explains the errors in my strategy,2025-10-27 17:32:01
88ffe5b53569ea40,jone3243,B > A,Helps me better understand the concept; Better explains the errors in my strategy,2025-10-27 17:35:56
2cba2066cc6ef2c7,browsd09,A > B,Better explains the errors in my strategy; Aligns better with my level of knowledge,2025-10-27 17:36:03
20e1d6d25fd5f10f,adurbha,B > A,Helps me better understand the concept; Aligns better with my level of knowledge,2025-10-27 17:36:06
5c6121f7c93bd692,armeka01,B > A,"Helps me better understand the concept; Other: Better explains what the grader is looking for in an answer while also giving me clear directions on what to do, though it does not fully explain what I did wrong.",2025-10-27 17:36:49
79a6f0e31c7f1b8f,bbellman,A > B,Better explains the errors in my strategy; Aligns better with my level of knowledge,2025-10-27 17:36:59
f6247b9f279d949b,ehrach,A > B,Helps me better understand the concept; Aligns better with my level of knowledge,2025-10-27 17:37:00
4506a0e2a981e8fe,vuyyuru,B > A,Helps me better understand the concept; Aligns better with my level of knowledge,2025-10-27 17:37:10
87cb64ea9338f8dc,donova39,B > A,Helps me better understand the concept; Aligns better with my level of knowledge,2025-10-27 17:38:55
36d78a33b1ecac9d,sing2211,B > A,Helps me better understand the concept; Other: I thought feedback B gives the feedback in an easy to follow step-by-step basis. This made it easy to replicate.,2025-10-27 17:39:13
513e3b59c162d0bc,um10,A > B,Helps me better understand the concept; Better explains the errors in my strategy,2025-10-27 17:41:14
b51364285412146b,yoon290,A > B,Helps me better understand the concept; Better explains the errors in my strategy; Other: I like how it is more detailed and explains clearer in fuller sentences instead of merely stating the facts and information.,2025-10-27 17:41:38
07f3dff9d8d65c52,asangara,B > A,Helps me better understand the concept; Better explains the errors in my strategy,2025-10-27 17:44:55
07f3dff9d8d65c52,asangara,B > A,Helps me better understand the concept; Better explains the errors in my strategy,2025-10-27 17:45:17
2ecef7c4362a9c66,erakaska,B > A,Helps me better understand the concept; Better explains the errors in my strategy,2025-10-27 17:45:32
51208cda52ac4a58,jsudan,B > A,Better explains the errors in my strategy,2025-10-27 17:46:38
51208cda52ac4a58,jsudan,B > A,Better explains the errors in my strategy,2025-10-27 17:46:42
4326f1972dd96b27,hanley37,A > B,Helps me better understand the concept; Aligns better with my level of knowledge,2025-10-27 17:47:33
4326f1972dd96b27,hanley37,A > B,Helps me better understand the concept; Aligns better with my level of knowledge,2025-10-27 17:47:54
19fab01785b80a0e,xavier1,A > B,Helps me better understand the concept; Better explains the errors in my strategy,2025-10-27 17:49:08
3602703755fa62c5,ybelhadj,A > B,Helps me better understand the concept,2025-10-27 17:51:43
18eca4dc260190a4,tszymcha,A > B,Helps me better understand the concept; Better explains the errors in my strategy; Aligns better with my level of knowledge,2025-10-27 17:52:29
ef27e1ffc54a792d,edwar484,B > A,Helps me better understand the concept; Better explains the errors in my strategy,2025-10-27 17:52:51
72e1e5448b38b046,yeatesj,A > B,Helps me better understand the concept; Better explains the errors in my strategy,2025-10-27 17:53:40
cf405ab96f4390b4,tripat58,A > B,Helps me better understand the concept; Better explains the errors in my strategy,2025-10-27 17:57:39
b3968b1c7f16ec97,weil8,B > A,Helps me better understand the concept; Aligns better with my level of knowledge; Other: Explains that the difference in energy (energy loss) is due to drag,2025-10-27 18:00:07
885cdc3b835253dd,najera1,B > A,Helps me better understand the concept; Aligns better with my level of knowledge,2025-10-27 18:01:50
55fdb10698942816,iceleste,A > B,Helps me better understand the concept; Better explains the errors in my strategy,2025-10-27 18:04:42
2cc6d6c6334f5e36,hhooriza,A > B,Helps me better understand the concept; Aligns better with my level of knowledge,2025-10-27 18:06:58
83d8f57176936ba5,syarasi,B > A,Helps me better understand the concept; Better explains the errors in my strategy; Aligns better with my level of knowledge,2025-10-27 18:08:24
83d8f57176936ba5,syarasi,B > A,Helps me better understand the concept; Better explains the errors in my strategy; Aligns better with my level of knowledge,2025-10-27 18:08:37
d88158e2e91e3577,park1885,A > B,Helps me better understand the concept; Better explains the errors in my strategy; Aligns better with my level of knowledge,2025-10-27 18:09:12
0014c2bb3fbd3b94,will3251,A > B,Helps me better understand the concept; Better explains the errors in my strategy,2025-10-27 18:12:31
d07d1cc3ab871894,adkins80,A > B,Helps me better understand the concept; Better explains the errors in my strategy; Aligns better with my level of knowledge; Other: Simpler explanation that still has plenty of detail to explain error. Feedback B is overly complex.,2025-10-27 18:12:51
bdf8f3ea265111d2,jbsmedle,B > A,Helps me better understand the concept; Other: B is more specific with physics terms and better descriptive words.,2025-10-27 18:13:13
86ecf4a2ed845d85,cui273,B > A,Helps me better understand the concept; Better explains the errors in my strategy; Aligns better with my level of knowledge,2025-10-27 18:13:33
f1e3b3850f35de52,gadelsbe,B > A,Helps me better understand the concept; Aligns better with my level of knowledge,2025-10-27 18:15:06
e08f09e5669ccfda,tucke221,A > B,Helps me better understand the concept; Better explains the errors in my strategy,2025-10-27 18:15:15
e08f09e5669ccfda,tucke221,A > B,Helps me better understand the concept; Better explains the errors in my strategy,2025-10-27 18:15:36
f1e3b3850f35de52,gadelsbe,B > A,Helps me better understand the concept; Aligns better with my level of knowledge,2025-10-27 18:15:52
ad744025f4af68da,arfir01,A > B,Helps me better understand the concept; Better explains the errors in my strategy; Aligns better with my level of knowledge,2025-10-27 18:16:16
f702fc280a31e450,shar1242,A > B,Helps me better understand the concept; Better explains the errors in my strategy,2025-10-27 18:18:07
03f05fb26d35a20d,jmursalo,B > A,Helps me better understand the concept,2025-10-27 18:18:14
ee3ee3358299e25e,zhan5024,A > B,Helps me better understand the concept,2025-10-27 18:19:06
0cbd5d26489c5ddb,buckelj,B > A,Helps me better understand the concept,2025-10-27 18:20:21
c897a9b3a0fca477,oabillei,A > B,"Helps me better understand the concept; Other: Feedback A uses simpler terms which is good, but it is almost too general. On the other hand, feedback B is too messy and unclear. If feedback A was a bit more specific and didn't use terms such as ""going up"" and ""gravity and air take energy"", it would be a lot better. Thanks!",2025-10-27 18:20:46
706f2e6a9ae4cf32,pate2737,B > A,Helps me better understand the concept; Aligns better with my level of knowledge,2025-10-27 18:21:40
4ad978327acdec0b,mmonach,B > A,Helps me better understand the concept; Aligns better with my level of knowledge,2025-10-27 18:26:40
373c97221e73567d,day218,B > A,Better explains the errors in my strategy,2025-10-27 18:26:53
4ad978327acdec0b,mmonach,B > A,Helps me better understand the concept; Aligns better with my level of knowledge,2025-10-27 18:27:28
83b66d1ba8cbb069,murthyp,B > A,Helps me better understand the concept; Aligns better with my level of knowledge,2025-10-27 18:27:57
710cea5905ea507c,lee5761,A > B,"Better explains the errors in my strategy; Other: Both seem to be very similar, but A includes the fact that I should state my modeling assumptions which would be better for describing my strategy as a whole.",2025-10-27 18:28:59
6b1415ac5d8a2559,pknowle,A > B,Helps me better understand the concept; Better explains the errors in my strategy,2025-10-27 18:29:22
30ec2d31385b8c8d,schuma32,B > A,Better explains the errors in my strategy; Other: It gives me my errors and what I need to work on rather than stating the correct answer,2025-10-27 18:29:43
3bf432146cec53a2,iureche,A > B,Helps me better understand the concept; Better explains the errors in my strategy,2025-10-27 18:30:53
3bf432146cec53a2,iureche,A > B,Helps me better understand the concept; Better explains the errors in my strategy,2025-10-27 18:31:45
b6d236ac1b6a61c6,wbates,B > A,Helps me better understand the concept; Better explains the errors in my strategy; Aligns better with my level of knowledge; Other: Feedback B gave a more detailed answer with a setup structure similar to the one we use during recitation.,2025-10-27 18:32:42
f452d5aa4a725ed5,rveak,B > A,Better explains the errors in my strategy; Other: it explicitly tells me what i can do to improve my response to the question and why,2025-10-27 18:36:48
b7a4cddd445fd39f,hshanmu,B > A,Helps me better understand the concept,2025-10-27 18:37:09
4b3d83fbfe756389,sharm929,B > A,Helps me better understand the concept; Aligns better with my level of knowledge,2025-10-27 18:37:17
d4f1f2111cff85a8,bose45,B > A,"Helps me better understand the concept; Better explains the errors in my strategy; Other: A lot more detailed than the first feedback, helped me think about next steps too.",2025-10-27 18:40:08
cd29eb4d9e01541c,agheyi,B > A,Helps me better understand the concept; Aligns better with my level of knowledge,2025-10-27 18:40:18
b1a65250401ca338,galla138,A > B,"Helps me better understand the concept; Aligns better with my level of knowledge; Other: Feedback A helps better define how to find the sign of work done. When I was initially following my strategy, I got work done by air resistance to be positive. The only reason I knew to correct this was because I've taken physics course before and know that air resistance is always a negative force. I went back and edited my response to correct this. By following Feedback A and setting the total change in kinetic energy plus potential energy to work done will guarantee air resistance to be negative, thus solving the problem more efficiently and in a less confusing manner.",2025-10-27 18:41:36
f697cd37f7629e56,havel,B > A,Helps me better understand the concept,2025-10-27 18:42:42
9a8edd2d23cffee5,hmohanku,B > A,Helps me better understand the concept; Better explains the errors in my strategy,2025-10-27 18:43:08
982e00192ddceca3,abrah108,B > A,Helps me better understand the concept; Better explains the errors in my strategy,2025-10-27 18:46:02
5c15e8c8409116a9,chaur05,B > A,Helps me better understand the concept; Other: Option B answers the question with greater simplicity.,2025-10-27 18:46:44
6f6b0235921a711c,hammon86,B > A,Helps me better understand the concept; Better explains the errors in my strategy,2025-10-27 18:46:53
7e838983a8f51109,kim5115,B > A,Helps me better understand the concept,2025-10-27 18:47:27
fd497b2f375e28fa,ldumares,B > A,Aligns better with my level of knowledge; Other: It is more closely related to the way I decided to solve the problem.,2025-10-27 18:48:05
c3f67bfefcd63ea8,pruitt30,B > A,Helps me better understand the concept; Better explains the errors in my strategy; Aligns better with my level of knowledge,2025-10-27 18:48:56
d55a21a12a5e6e58,guru,A > B,Helps me better understand the concept; Better explains the errors in my strategy; Aligns better with my level of knowledge,2025-10-27 18:50:15
d9aa35bdcdebe78c,tabdelja,B > A,Helps me better understand the concept; Better explains the errors in my strategy,2025-10-27 18:55:05
acfae4528a5f0433,schalemc,A > B,Helps me better understand the concept; Better explains the errors in my strategy,2025-10-27 18:55:57
245241a9d1ccbd30,ma1035,B > A,Helps me better understand the concept; Better explains the errors in my strategy,2025-10-27 18:56:22
245241a9d1ccbd30,ma1035,B > A,Helps me better understand the concept; Better explains the errors in my strategy,2025-10-27 18:57:51
3f4aac06683c713b,skaretov,B > A,Helps me better understand the concept; Better explains the errors in my strategy,2025-10-27 18:57:57
542d8c34b7c037bd,cschoeni,B > A,Helps me better understand the concept; Better explains the errors in my strategy; Aligns better with my level of knowledge; Other: I feel like option B gives me a better understanding of exactly what the actual right answer was and how I can develop my own ideas to be correct.,2025-10-27 19:00:12
6b9a153ec306061e,lenartj,A > B,Better explains the errors in my strategy; Aligns better with my level of knowledge,2025-10-27 19:00:30
2e9a8ba6e4864fe3,kmosakow,A > B,Helps me better understand the concept; Aligns better with my level of knowledge,2025-10-27 19:04:32
c3953ad5afd0d9e8,lstidha,A > B,Helps me better understand the concept; Better explains the errors in my strategy; Aligns better with my level of knowledge; Other: Feedback B uses confusing language in it's starting sentence which confuses the rest of the explaination.,2025-10-27 19:04:58
3cc8489af5679e80,ramaswak,B > A,Helps me better understand the concept; Better explains the errors in my strategy,2025-10-27 19:06:34
7810915a778f2787,wils1625,A > B,Helps me better understand the concept; Better explains the errors in my strategy; Aligns better with my level of knowledge,2025-10-27 19:10:59
2d401e8c8db348a0,harpe159,A > B,Better explains the errors in my strategy,2025-10-27 19:13:30
9ca2677c83c71fb2,shekha14,B > A,Other: I preferred feedback 2 because it was in line with what I was thinking and how I would approach a problem like that.,2025-10-27 19:14:25
6f0a9ec20dd18b83,wu2441,A > B,Helps me better understand the concept,2025-10-27 19:16:08
fff501a72b91424b,pate2764,B > A,Helps me better understand the concept; Better explains the errors in my strategy; Aligns better with my level of knowledge,2025-10-27 19:16:11
915640366370887c,kenne318,A > B,Helps me better understand the concept; Aligns better with my level of knowledge,2025-10-27 19:16:14
fff501a72b91424b,pate2764,B > A,Helps me better understand the concept; Better explains the errors in my strategy; Aligns better with my level of knowledge,2025-10-27 19:16:47
18a411cd13433e6f,tsuie,A > B,"Other: This feedback involve more setup-based setting like choosing reference height where h=0, where it did not mention in feedback B to give details to an overview of strategy. One thing is that, making ball and Earth as a system instead of just ball(which is mentioned in feedback A) make the work easier, as work from gravity can change sign depend on the ball going up or down, while work from air drag don't.",2025-10-27 19:17:18
e5a447e8d084c64c,abommidi,B > A,Helps me better understand the concept; Aligns better with my level of knowledge,2025-10-27 19:17:40
fff501a72b91424b,pate2764,B > A,"Helps me better understand the concept; Better explains the errors in my strategy; Aligns better with my level of knowledge; Other: It uses smaller words that help me understand what is going on, since using oversimplified words distracts me from the actual problem.",2025-10-27 19:17:54
9005b2ad0825ce60,sun1347,B > A,Aligns better with my level of knowledge; Other: was overall more detailed,2025-10-27 19:18:13
40cf2f3019ae4e3f,chan1013,A > B,"Helps me better understand the concept; Better explains the errors in my strategy; Aligns better with my level of knowledge; Other: Because describe the solution more better and clearly, especially A explains how to seperate the motion into ascending and descending. Comparing to B, although it sounds more simple, but lack of clearly direction and step by step solution. So it is hard for people to understand where to start analyes.",2025-10-27 19:18:22
9f101816badd3031,washi124,A > B,Helps me better understand the concept; Better explains the errors in my strategy; Aligns better with my level of knowledge,2025-10-27 19:18:56
2a285b881b4350d5,buchan60,A > B,Helps me better understand the concept; Better explains the errors in my strategy,2025-10-27 19:28:51
2a285b881b4350d5,buchan60,A > B,Helps me better understand the concept; Better explains the errors in my strategy,2025-10-27 19:29:19
9ed447d7393dbfa7,lohraj01,B > A,Helps me better understand the concept; Better explains the errors in my strategy,2025-10-27 19:29:20
9ed447d7393dbfa7,lohraj01,B > A,Helps me better understand the concept; Better explains the errors in my strategy,2025-10-27 19:29:49
24b33cdb8166eb8e,long515,A > B,Helps me better understand the concept; Aligns better with my level of knowledge,2025-10-27 19:31:02
a76da90e95db13a9,stricklw,B > A,Helps me better understand the concept; Better explains the errors in my strategy,2025-10-27 19:31:21
ef67502a8b9c3504,long631,B > A,Helps me better understand the concept; Better explains the errors in my strategy,2025-10-27 19:32:48
6cb619cba347bbcf,brito16,B > A,Helps me better understand the concept; Better explains the errors in my strategy,2025-10-27 19:34:15
cde7d4fe3fdb890d,schumj05,B > A,Helps me better understand the concept; Aligns better with my level of knowledge,2025-10-27 19:36:13
a9a2f1d9f83156dd,ericksoz,B > A,Helps me better understand the concept; Aligns better with my level of knowledge,2025-10-27 19:36:20
ca8ac4584f1894c8,crowle22,B > A,Helps me better understand the concept; Better explains the errors in my strategy,2025-10-27 19:37:24
9307814514221715,zhou1715,A > B,Better explains the errors in my strategy,2025-10-27 19:39:02
9307814514221715,zhou1715,A > B,Better explains the errors in my strategy,2025-10-27 19:39:18
5f5956cc134e5e0d,shah988,B > A,Helps me better understand the concept; Other: Helps better to understand the concept because it doesn't automatically tell me what to do but it still explains the steps I should take.,2025-10-27 19:40:05
31b6daa091369ce7,einukai,A > B,Helps me better understand the concept,2025-10-27 19:40:33
8c539518d9ddcb54,msinks,A > B,"Better explains the errors in my strategy; Aligns better with my level of knowledge; Other: It helped me realize how much detail I left out, I feel I explained my strategy with the assumption that the reader knew already knew the system and surroundings and assumptions necessary for the calculations. Feedback B was very straight forward, but feedback A was much easier to follow and understand.",2025-10-27 19:41:27
31b6daa091369ce7,einukai,B > A,Other: The feedback is more specific and detailed.,2025-10-27 19:41:36
fc54cb20d8d6b457,kmaners,A > B,Helps me better understand the concept; Better explains the errors in my strategy; Aligns better with my level of knowledge,2025-10-27 19:46:27
ea6d08981257c350,apullati,B > A,Aligns better with my level of knowledge,2025-10-27 19:48:58
c659819c0cd9cbfb,gsolanoo,A > B,Helps me better understand the concept,2025-10-27 19:49:37
ce15d443737f5865,epatneau,B > A,Helps me better understand the concept; Better explains the errors in my strategy; Other: Used more simplistic wording that made the concepts easier for me to understand and comprehend.,2025-10-27 19:49:39
c659819c0cd9cbfb,gsolanoo,A > B,Helps me better understand the concept; Better explains the errors in my strategy; Aligns better with my level of knowledge,2025-10-27 19:49:55
efdbd64330c7fef5,zmohame,B > A,Helps me better understand the concept; Better explains the errors in my strategy,2025-10-27 19:50:31
efdbd64330c7fef5,zmohame,B > A,Helps me better understand the concept; Better explains the errors in my strategy,2025-10-27 19:50:52
b2548fde99b51e8a,jkrichef,A > B,Aligns better with my level of knowledge,2025-10-27 19:51:18
3ba9134c8413ff6b,kanagal,B > A,Helps me better understand the concept; Aligns better with my level of knowledge,2025-10-27 19:51:25
b2548fde99b51e8a,jkrichef,A > B,Aligns better with my level of knowledge,2025-10-27 19:51:59
6e9994f1f506b82a,song943,B > A,Helps me better understand the concept; Better explains the errors in my strategy,2025-10-27 19:52:56
6e9994f1f506b82a,song943,B > A,Helps me better understand the concept; Better explains the errors in my strategy,2025-10-27 19:53:10
1a6b7d3a4651792b,neads,B > A,Helps me better understand the concept; Better explains the errors in my strategy,2025-10-27 19:55:57
1a6b7d3a4651792b,neads,B > A,Helps me better understand the concept; Better explains the errors in my strategy,2025-10-27 19:56:07
f42f946a501ca998,liang547,A > B,Better explains the errors in my strategy,2025-10-27 19:57:37
8a2af9f2bc5d23de,berner2,B > A,Helps me better understand the concept; Better explains the errors in my strategy,2025-10-27 19:58:02
dbd08b899bd4bf16,swamyn,A > B,Helps me better understand the concept; Better explains the errors in my strategy; Aligns better with my level of knowledge,2025-10-27 19:59:45
028ffda544694996,naray162,A > B,"Helps me better understand the concept; Better explains the errors in my strategy; Other: Better worded than my response, and gave insight on correction in an easier manner than Feedback B",2025-10-27 20:00:23
e94eac03d31b3393,jdaeger,A > B,Helps me better understand the concept,2025-10-27 20:01:55
e94eac03d31b3393,jdaeger,A > B,Helps me better understand the concept,2025-10-27 20:02:37
696c449ac05a5f7a,rtali,A > B,Helps me better understand the concept; Aligns better with my level of knowledge,2025-10-27 20:05:11
696c449ac05a5f7a,rtali,A > B,Helps me better understand the concept; Aligns better with my level of knowledge,2025-10-27 20:05:26
92593787bffa5212,chung370,A > B,"Helps me better understand the concept; Better explains the errors in my strategy; Aligns better with my level of knowledge; Other: Feedback A speaks directly to my essay. It tells me exactly what to add: explicitly name kinetic and gravitational potential energy and the work by air, write one energy-account statement for the up leg and one for the down leg, relate air’s work to the change in total mechanical energy, then read off the remaining kinetic energy at hand level to get the final speed. It’s precise without extra jargon",2025-10-27 20:06:29
47709b2b3ee1a058,pate3084,B > A,Helps me better understand the concept; Aligns better with my level of knowledge,2025-10-27 20:06:37
cfbf8edda0c6205d,mgopalun,A > B,Helps me better understand the concept; Better explains the errors in my strategy; Aligns better with my level of knowledge,2025-10-27 20:06:46
9186187810ef6be5,smasarur,B > A,Helps me better understand the concept; Better explains the errors in my strategy,2025-10-27 20:07:15
08155f0bf1ecf41a,bharad37,B > A,Helps me better understand the concept; Better explains the errors in my strategy,2025-10-27 20:07:43
cd7c55d4ebca1b05,moor1390,B > A,Helps me better understand the concept; Better explains the errors in my strategy,2025-10-27 20:13:04
d9a305e0ed4ac184,dansald,B > A,Helps me better understand the concept; Aligns better with my level of knowledge,2025-10-27 20:13:34
13190b11b4b614c8,newma169,B > A,Better explains the errors in my strategy,2025-10-27 20:14:23
9f6a12d6a06d4944,jreuw,A > B,"Helps me better understand the concept; Better explains the errors in my strategy; Other: It identifies what my thought process was, and compare it with what must have been done conventionally according to the laws of physics",2025-10-27 20:15:31
cd7c55d4ebca1b05,moor1390,B > A,Helps me better understand the concept; Better explains the errors in my strategy,2025-10-27 20:15:40
23ee75dd31fdc42b,hcantley,B > A,Better explains the errors in my strategy,2025-10-27 20:16:21
461ce60ed3f3315e,mortene,A > B,Helps me better understand the concept,2025-10-27 20:16:22
9f6a12d6a06d4944,jreuw,A > B,Helps me better understand the concept; Better explains the errors in my strategy; Other: Feedback A compares my thought process with the conventional methodology that must have been written as the answer. This way I can identify what I have done wrong and what I have done right.,2025-10-27 20:17:04
8ff4c4c3577ab8f4,mpincomb,A > B,Better explains the errors in my strategy; Other: It is more specific and explains why my answer was wrong and the correct answer in a comprehensive way.,2025-10-27 20:17:29
21a317d0ea33b9d9,benso131,A > B,"Helps me better understand the concept; Better explains the errors in my strategy; Other: Feedback A is much more descriptive than Feedback B. Feedback A seems more like an overall description of how to solve and improve my answer to the problem, while B seems like steps to solve. I prefer the approach of Feedback A.",2025-10-27 20:18:59
348dd7e71e63f6b1,dpramani,B > A,Helps me better understand the concept; Better explains the errors in my strategy,2025-10-27 20:20:13
cbd82471b76973e3,jmilberg,B > A,Helps me better understand the concept,2025-10-27 20:23:02
297e58f21467ab8f,wilki130,B > A,Helps me better understand the concept; Better explains the errors in my strategy; Aligns better with my level of knowledge,2025-10-27 20:24:07
f979838997e09554,nelso768,A > B,"Helps me better understand the concept; Aligns better with my level of knowledge; Other: This also gives a clear, concise, thought out process to find the solution, that was better than option B.",2025-10-27 20:24:59
297e58f21467ab8f,wilki130,B > A,Helps me better understand the concept; Better explains the errors in my strategy; Aligns better with my level of knowledge,2025-10-27 20:25:50
a96ddb8d39f15f7b,cgehrma,B > A,Helps me better understand the concept,2025-10-27 20:27:40
a96ddb8d39f15f7b,cgehrma,B > A,Helps me better understand the concept,2025-10-27 20:30:42
ae089c147643df1d,akleinfe,A > B,Aligns better with my level of knowledge,2025-10-27 20:30:54
ae089c147643df1d,akleinfe,A > B,Aligns better with my level of knowledge,2025-10-27 20:31:28
fbb916cafa832e56,do95,A > B,Helps me better understand the concept; Aligns better with my level of knowledge,2025-10-27 20:32:15
cee56a57f9166a78,pakalas,A > B,Helps me better understand the concept,2025-10-27 20:32:30
421a9dc819680404,zheng879,A > B,Helps me better understand the concept; Better explains the errors in my strategy; Aligns better with my level of knowledge,2025-10-27 20:35:20
4771efa679aea44a,ayaung,B > A,Helps me better understand the concept; Better explains the errors in my strategy,2025-10-27 20:36:51
4771efa679aea44a,ayaung,B > A,Helps me better understand the concept; Better explains the errors in my strategy,2025-10-27 20:36:56
295b159198ba5846,gohil5,A > B,Helps me better understand the concept,2025-10-27 20:40:21
295b159198ba5846,gohil5,A > B,Helps me better understand the concept,2025-10-27 20:40:32
4098548d614cc353,pprybell,B > A,Helps me better understand the concept; Aligns better with my level of knowledge,2025-10-27 20:40:53
295b159198ba5846,gohil5,A > B,Aligns better with my level of knowledge,2025-10-27 20:40:54
77062775abcda386,pacholsk,A > B,Helps me better understand the concept; Aligns better with my level of knowledge,2025-10-27 20:40:55
295b159198ba5846,gohil5,A > B,Better explains the errors in my strategy,2025-10-27 20:41:07
2e2da75de66d53e9,lhornbur,B > A,Helps me better understand the concept; Better explains the errors in my strategy,2025-10-27 20:42:43
8265c9223e6b3e5f,ernst38,A > B,Helps me better understand the concept; Better explains the errors in my strategy; Aligns better with my level of knowledge,2025-10-27 20:43:07
1e873b4f18f0fd0f,kwunsh,A > B,Helps me better understand the concept; Better explains the errors in my strategy,2025-10-27 20:44:57
54dfb30a66e5dedd,mart3253,B > A,"Better explains the errors in my strategy; Other: It is more concise and gets the point across without needing to use all the technical terms, just explains how I can be clearer in my reasoning.",2025-10-27 20:46:30
2c90611593021e8b,mcbrcm03,A > B,Helps me better understand the concept; Better explains the errors in my strategy,2025-10-27 20:48:02
fcecf5707e99f251,adrewno,B > A,Helps me better understand the concept; Better explains the errors in my strategy,2025-10-27 20:49:27
439cbd75ac7c59bf,ibaek,A > B,Helps me better understand the concept; Better explains the errors in my strategy,2025-10-27 20:53:37
f2b5b5562921e965,elsburya,B > A,Helps me better understand the concept; Better explains the errors in my strategy; Aligns better with my level of knowledge,2025-10-27 20:55:25
db6f62b22ac80ec9,helmst,B > A,Helps me better understand the concept; Aligns better with my level of knowledge,2025-10-27 20:55:31
21965d101cb1ecb6,sing2328,B > A,Helps me better understand the concept; Better explains the errors in my strategy; Aligns better with my level of knowledge,2025-10-27 20:55:32
db6f62b22ac80ec9,helmst,B > A,Helps me better understand the concept; Aligns better with my level of knowledge,2025-10-27 20:55:51
ecc7b90d257e2353,long634,A > B,Better explains the errors in my strategy; Aligns better with my level of knowledge,2025-10-27 20:57:21
8f43c29df9815614,mart2702,B > A,Helps me better understand the concept; Better explains the errors in my strategy,2025-10-27 20:59:51
a9106d07dff95ef5,butle412,B > A,Helps me better understand the concept; Better explains the errors in my strategy; Aligns better with my level of knowledge,2025-10-27 21:00:38
825fcc73779c4cb3,kim5065,B > A,Aligns better with my level of knowledge,2025-10-27 21:01:31
23fa459ed36f8b49,lryken,B > A,Better explains the errors in my strategy,2025-10-27 21:06:17
b8a48e859d52085d,hallettc,B > A,Helps me better understand the concept,2025-10-27 21:06:46
17d588c0fb5becdb,idougher,A > B,Helps me better understand the concept; Aligns better with my level of knowledge,2025-10-27 21:08:12
4808c1a0bcc6c3e6,hussai90,B > A,Helps me better understand the concept; Better explains the errors in my strategy,2025-10-27 21:09:43
22f75a1e719fa03f,jidrovom,B > A,"Helps me better understand the concept; Better explains the errors in my strategy; Other: Feedback B is more direct in its approach, more critical in my work, still makes me think critically, and generally explains the problem/solution in a more digestible and human manner.",2025-10-27 21:09:55
4808c1a0bcc6c3e6,hussai90,B > A,Helps me better understand the concept; Better explains the errors in my strategy,2025-10-27 21:09:59
d3f141accb47dac8,iyer252,A > B,Better explains the errors in my strategy; Aligns better with my level of knowledge,2025-10-27 21:12:07
91ef90cae6f24530,durbin10,A > B,Better explains the errors in my strategy; Aligns better with my level of knowledge; Other: Closer to the way I chose to approach this problem. The only difference was that I did not clearly state the assumptions I made.,2025-10-27 21:15:30
efde1cc61ea19780,huynh81,B > A,"Helps me better understand the concept; Better explains the errors in my strategy; Other: In my opinion, feedback B is more precise and doesn't confuse me as much as feedback A. Overall a good tool, though!",2025-10-27 21:15:41
efde1cc61ea19780,huynh81,B > A,Helps me better understand the concept; Better explains the errors in my strategy,2025-10-27 21:16:00
003b934eaa699fb7,nadkarn,B > A,Helps me better understand the concept; Aligns better with my level of knowledge,2025-10-27 21:18:29
5b983d3ec13c142b,govind7,A > B,Helps me better understand the concept; Aligns better with my level of knowledge,2025-10-27 21:18:54
b1ae7ac549235ecf,chen5363,B > A,Helps me better understand the concept; Better explains the errors in my strategy; Aligns better with my level of knowledge,2025-10-27 21:22:55
94a9c5797c4a157a,weinste5,A > B,Helps me better understand the concept; Aligns better with my level of knowledge,2025-10-27 21:23:21
c1e03bef97e51fdc,mlabont,B > A,Helps me better understand the concept; Better explains the errors in my strategy; Other: The response B is much straighter forward and does a better job explaining the aeras that I can improve my response in the most direct way.,2025-10-27 21:23:41
c1e03bef97e51fdc,mlabont,B > A,Helps me better understand the concept; Better explains the errors in my strategy; Other: The response B is much straighter forward and does a better job explaining the aeras that I can improve my response in the most direct way.,2025-10-27 21:23:43
c1e03bef97e51fdc,mlabont,B > A,Helps me better understand the concept; Better explains the errors in my strategy; Other: The response B is much straighter forward and does a better job explaining the aeras that I can improve my response in the most direct way.,2025-10-27 21:23:45
c1e03bef97e51fdc,mlabont,B > A,Helps me better understand the concept; Better explains the errors in my strategy; Aligns better with my level of knowledge,2025-10-27 21:24:07
5c1f894a20c3c102,morekoya,B > A,Helps me better understand the concept; Better explains the errors in my strategy; Aligns better with my level of knowledge,2025-10-27 21:25:57
76c350b4e8c889ec,fox297,A > B,Helps me better understand the concept; Better explains the errors in my strategy; Aligns better with my level of knowledge,2025-10-27 21:27:23
eefc7134f3239cef,griff433,B > A,Helps me better understand the concept; Aligns better with my level of knowledge,2025-10-27 21:28:03
5918ddc749f9062c,rhulse,A > B,Better explains the errors in my strategy,2025-10-27 21:31:55
5918ddc749f9062c,rhulse,A > B,Better explains the errors in my strategy,2025-10-27 21:32:02
7e71ae0cd105655f,csepa,B > A,Helps me better understand the concept; Better explains the errors in my strategy,2025-10-27 21:32:38
9070623c193bd6bf,msahibna,B > A,Helps me better understand the concept; Better explains the errors in my strategy,2025-10-27 21:33:18
9070623c193bd6bf,msahibna,B > A,Helps me better understand the concept; Better explains the errors in my strategy,2025-10-27 21:33:36
d8af900d33054c91,avaewvis,B > A,Helps me better understand the concept,2025-10-27 21:36:12
b49e7251aba0e600,zhana,A > B,Helps me better understand the concept; Aligns better with my level of knowledge,2025-10-27 21:39:51
1381d258f0b8495c,hyokoi,B > A,Helps me better understand the concept; Aligns better with my level of knowledge,2025-10-27 21:41:49
ef60b716bd2a0e89,lraz,A > B,Better explains the errors in my strategy,2025-10-27 21:46:24
1381d258f0b8495c,hyokoi,B > A,Helps me better understand the concept; Aligns better with my level of knowledge,2025-10-27 21:46:52
7bba9a41fa54cc7f,shin484,A > B,Helps me better understand the concept; Other: It explains better about the strategy I can use.,2025-10-27 21:47:46
6deb27a1555bc1ca,lyocum,A > B,Helps me better understand the concept; Other: It's more detailed but also not too long or complex. It helps me understand how to respond to this specific question and would be easy to follow along with while doing the problem.,2025-10-27 21:48:48
2692aa94131e213c,marque65,A > B,Better explains the errors in my strategy,2025-10-27 21:48:56
13ed4496fe503621,gupt1432,B > A,Helps me better understand the concept,2025-10-27 21:49:38
a62e1f40dbd4a94c,shriva45,A > B,Better explains the errors in my strategy; Aligns better with my level of knowledge; Other: The answer B talks about stating extremely basic assumptions (such that gravitational acceleration is constant and we use point-mass formulae). These assumptions are implied and don't really help me in understanding the actual shortcomings in my essay.,2025-10-27 21:49:44
a9bc1f5cad08913e,achadala,A > B,Helps me better understand the concept; Better explains the errors in my strategy,2025-10-27 21:50:01
6359a369f9064775,gupt1330,B > A,Helps me better understand the concept; Aligns better with my level of knowledge,2025-10-27 21:51:10
6359a369f9064775,gupt1330,B > A,Helps me better understand the concept; Aligns better with my level of knowledge,2025-10-27 21:51:32
6126662390432df7,hwang272,A > B,Helps me better understand the concept,2025-10-27 21:52:23
6d7037bf4c34f65f,tovul,A > B,Helps me better understand the concept; Better explains the errors in my strategy,2025-10-27 21:52:30
6126662390432df7,hwang272,A > B,Helps me better understand the concept; Aligns better with my level of knowledge,2025-10-27 21:52:39
2d75ac5613633103,aanoshka,A > B,Better explains the errors in my strategy,2025-10-27 21:52:56
2d75ac5613633103,aanoshka,A > B,Better explains the errors in my strategy,2025-10-27 21:53:01
6d7037bf4c34f65f,tovul,A > B,Helps me better understand the concept; Better explains the errors in my strategy,2025-10-27 21:53:05
8216c0434849ab56,omusaye,A > B,Other: Structured better,2025-10-27 21:53:13
a098e444ee164559,sun1373,B > A,Helps me better understand the concept; Better explains the errors in my strategy,2025-10-27 21:56:06
9aae7c525f7453e5,aholavan,A > B,"Helps me better understand the concept; Better explains the errors in my strategy; Other: Clearly goes through the process one step at a time, which makes it easy to understand what's happening.",2025-10-27 21:58:50
616b675d1779a3ff,lam209,B > A,Helps me better understand the concept; Better explains the errors in my strategy,2025-10-27 22:02:10
616b675d1779a3ff,lam209,B > A,Helps me better understand the concept; Better explains the errors in my strategy,2025-10-27 22:02:21
ed865596543155c8,paez,B > A,Helps me better understand the concept; Better explains the errors in my strategy; Aligns better with my level of knowledge,2025-10-27 22:04:54
0da610146216d4b2,jexterka,B > A,Helps me better understand the concept; Better explains the errors in my strategy; Aligns better with my level of knowledge,2025-10-27 22:04:58
ed865596543155c8,paez,B > A,Helps me better understand the concept; Better explains the errors in my strategy; Aligns better with my level of knowledge,2025-10-27 22:05:12
9d92e664c3f1b389,cklobuch,A > B,Helps me better understand the concept; Better explains the errors in my strategy,2025-10-27 22:06:51
b552f7c85f92815c,song991,A > B,Helps me better understand the concept; Better explains the errors in my strategy; Aligns better with my level of knowledge,2025-10-27 22:07:01
b552f7c85f92815c,song991,A > B,"Helps me better understand the concept; Better explains the errors in my strategy; Aligns better with my level of knowledge; Other: In case there are two submissions, I was unsure if the first one actually got submitted, so I'm doing an extra one to be sure.",2025-10-27 22:08:07
aecf3e46977c19bc,jo82,B > A,"Helps me better understand the concept; Other: Feedback A may contain language that better represents physics concepts, but feedback B is more readable and easier to understand the answer.",2025-10-27 22:13:02
c5aba83d80969369,ali298,B > A,Helps me better understand the concept; Better explains the errors in my strategy; Aligns better with my level of knowledge,2025-10-27 22:14:51
b2b2809b941afc32,ograss,B > A,Better explains the errors in my strategy; Aligns better with my level of knowledge,2025-10-27 22:15:43
7645e196ea4e7da8,cbethell,B > A,Helps me better understand the concept; Better explains the errors in my strategy; Aligns better with my level of knowledge,2025-10-27 22:15:49
7645e196ea4e7da8,cbethell,B > A,Helps me better understand the concept; Better explains the errors in my strategy; Aligns better with my level of knowledge,2025-10-27 22:16:16
38120edcf2c8af11,sekar2,B > A,Aligns better with my level of knowledge,2025-10-27 22:17:17
064b86ab6056bf1c,aamerma,B > A,Better explains the errors in my strategy; Aligns better with my level of knowledge,2025-10-27 22:18:08
a62d39ac0ae575a3,nagar6,B > A,Helps me better understand the concept; Better explains the errors in my strategy,2025-10-27 22:23:56
e7da49551f6fe87c,fung39,A > B,Helps me better understand the concept; Better explains the errors in my strategy; Aligns better with my level of knowledge,2025-10-27 22:25:10
af8f07c91c811b29,emagpali,A > B,Helps me better understand the concept; Aligns better with my level of knowledge; Other: makes clear different important parts of calulations,2025-10-27 22:26:59
af8f07c91c811b29,emagpali,A > B,Helps me better understand the concept; Aligns better with my level of knowledge; Other: Highlights the variable better than the other and uses for chesive wording to help me further understand.,2025-10-27 22:28:05
bca7575634e2e4e6,underw77,B > A,Helps me better understand the concept; Better explains the errors in my strategy; Other: Option B has a better tone and shows more in depth exactly what I did wrong.,2025-10-27 22:29:31
0dfecccc550a41a8,chong78,B > A,Helps me better understand the concept,2025-10-27 22:31:13
c8d8304092ca52a3,wong533,B > A,Better explains the errors in my strategy,2025-10-27 22:31:54
8247f1494adff448,jleclerc,A > B,Better explains the errors in my strategy,2025-10-27 22:36:28
156296f6bc2154c6,ferna307,A > B,Helps me better understand the concept; Better explains the errors in my strategy,2025-10-27 22:38:56
156296f6bc2154c6,ferna307,A > B,Helps me better understand the concept; Better explains the errors in my strategy,2025-10-27 22:39:05
e93438f568f54f29,verma252,A > B,Better explains the errors in my strategy,2025-10-27 22:40:11
d6a2f73e67c61e9a,kang642,A > B,Helps me better understand the concept,2025-10-27 22:41:00
a7dc627e605b7f20,raman66,A > B,Helps me better understand the concept; Aligns better with my level of knowledge,2025-10-27 22:46:38
6b1da73a6a7535af,tcolacic,B > A,Helps me better understand the concept; Better explains the errors in my strategy; Aligns better with my level of knowledge,2025-10-27 22:48:57
c6c95daa59943b33,watso331,A > B,Helps me better understand the concept; Better explains the errors in my strategy; Aligns better with my level of knowledge,2025-10-27 22:52:39
9d5e5e68dc6d07d3,reyno318,B > A,Better explains the errors in my strategy,2025-10-27 22:55:17
fcdcb300e29a8bd2,liu4626,B > A,Better explains the errors in my strategy,2025-10-27 22:56:37
21d272179355d25a,dalai,A > B,Helps me better understand the concept; Aligns better with my level of knowledge,2025-10-27 22:57:53
21d272179355d25a,dalai,A > B,Helps me better understand the concept; Aligns better with my level of knowledge,2025-10-27 22:58:42
c500d94cd490a49d,acasbon,B > A,Better explains the errors in my strategy,2025-10-27 23:01:08
0efaa5d2bd36039a,cbusche,B > A,Aligns better with my level of knowledge,2025-10-27 23:02:21
d7a6540152fbf682,gseacott,A > B,Helps me better understand the concept,2025-10-27 23:02:25
deb240d510d45e31,edrayer,B > A,Helps me better understand the concept; Better explains the errors in my strategy,2025-10-27 23:03:10
3043f533ec893272,osweatma,B > A,Helps me better understand the concept; Better explains the errors in my strategy,2025-10-27 23:03:31
711fe07784a19905,skurma,B > A,Helps me better understand the concept; Better explains the errors in my strategy,2025-10-27 23:06:09
13b16f6ff240fb0a,raj73,A > B,Helps me better understand the concept; Better explains the errors in my strategy,2025-10-27 23:07:52
c8ec03cdb1eb6ae7,sizemorc,B > A,Helps me better understand the concept,2025-10-27 23:09:15
bdc4f513405af1d8,downey48,A > B,Helps me better understand the concept,2025-10-27 23:12:13
bdc4f513405af1d8,downey48,A > B,Helps me better understand the concept,2025-10-27 23:12:38
f011edd3afc52fcd,agarw574,A > B,Helps me better understand the concept,2025-10-27 23:14:03
1a48b03d29ad1bd1,drasinen,B > A,Helps me better understand the concept; Better explains the errors in my strategy,2025-10-27 23:14:09
6d61371539c6e68e,confera,A > B,Helps me better understand the concept; Aligns better with my level of knowledge,2025-10-27 23:14:59
6d61371539c6e68e,confera,A > B,Helps me better understand the concept; Aligns better with my level of knowledge,2025-10-27 23:15:19
675776dea5a4d8b3,lmcganno,B > A,Helps me better understand the concept; Better explains the errors in my strategy; Aligns better with my level of knowledge,2025-10-27 23:16:39
e295f7e21738b821,waughr,A > B,Helps me better understand the concept; Better explains the errors in my strategy,2025-10-27 23:18:50
64e2e430ee155f81,hossaini,B > A,Helps me better understand the concept,2025-10-27 23:24:21
64e2e430ee155f81,hossaini,A > B,Better explains the errors in my strategy,2025-10-27 23:24:49
64e2e430ee155f81,hossaini,A > B,Helps me better understand the concept; Aligns better with my level of knowledge,2025-10-27 23:25:38
e295f7e21738b821,waughr,A > B,Helps me better understand the concept; Better explains the errors in my strategy; Aligns better with my level of knowledge,2025-10-27 23:25:58
64e2e430ee155f81,hossaini,A > B,Helps me better understand the concept; Better explains the errors in my strategy; Aligns better with my level of knowledge,2025-10-27 23:26:07
64e2e430ee155f81,hossaini,A > B,Helps me better understand the concept; Aligns better with my level of knowledge,2025-10-27 23:26:25
d3b748e887be4f70,thom1385,B > A,"Helps me better understand the concept; Better explains the errors in my strategy; Other: Feedback B is more detailed, and when I don't understand a problem, I would rather have more detailed feedback going over all related concepts to help me fully grasp the question and feedback at hand to do better next time.",2025-10-27 23:28:30
fd7fcec263191371,abilenko,A > B,Helps me better understand the concept; Better explains the errors in my strategy,2025-10-27 23:30:14
82f0aae9a5943c40,kim3630,A > B,Helps me better understand the concept; Better explains the errors in my strategy,2025-10-27 23:31:22
189dfa65f956f1f2,cook512,A > B,Helps me better understand the concept; Other: It uses words that are more familiar to me.,2025-10-27 23:33:27
1f5c84ad3ff9df0c,roger505,A > B,Helps me better understand the concept; Better explains the errors in my strategy; Aligns better with my level of knowledge,2025-10-27 23:36:14
e029527fe7a897dd,sarkar85,B > A,Helps me better understand the concept; Aligns better with my level of knowledge,2025-10-27 23:37:25
e029527fe7a897dd,sarkar85,B > A,Helps me better understand the concept; Aligns better with my level of knowledge,2025-10-27 23:37:30
19f4ac59eaa55748,young994,B > A,Helps me better understand the concept,2025-10-27 23:39:20
76c1ce236b3dfdb5,gomez301,B > A,Helps me better understand the concept; Aligns better with my level of knowledge,2025-10-27 23:43:42
b35cb326e52920e7,murthyi,B > A,Helps me better understand the concept,2025-10-27 23:44:23
f3a57718d8b98ca8,fishe452,A > B,"Helps me better understand the concept; Other: While B is easier to understand, A actually enables me to set up the equations that I need in order to be able to solve the problem.",2025-10-27 23:45:18
f9dbd2ae6e99b287,djeynes,B > A,Helps me better understand the concept; Better explains the errors in my strategy,2025-10-27 23:45:42
528aef563fcbb36a,svottiko,A > B,Helps me better understand the concept; Better explains the errors in my strategy,2025-10-27 23:48:13
8d8c0fdefb2df1ba,brow2586,A > B,Better explains the errors in my strategy,2025-10-27 23:48:14
2898c58aff68e032,amitev,A > B,Better explains the errors in my strategy,2025-10-27 23:49:16
820c8175aa88780e,ederyke,A > B,Helps me better understand the concept,2025-10-27 23:52:17
05c6e5a39ba50d7a,larso220,B > A,Helps me better understand the concept; Better explains the errors in my strategy; Aligns better with my level of knowledge,2025-10-27 23:55:37
9eed8bac7fc74474,srasne,B > A,Helps me better understand the concept; Better explains the errors in my strategy; Aligns better with my level of knowledge,2025-10-27 23:56:39
78178b68a3f88542,oakes16,B > A,"Helps me better understand the concept; Aligns better with my level of knowledge; Other: Though the first example may point out the best strategy and go into depth about that way of doing it, I prefer feedback B for a couple of reasons. First of all, it recognizes the work that I did and continues to build off of that and states how to solve the problem efficiently as a product of my initial work. Furthermore, it is easier to understand and gives a more laid out path to success in the problem compared to feedback A.",2025-10-27 23:59:39
1e09dd583dafdc2b,ntornatt,A > B,Helps me better understand the concept; Other: Feedback A is more specific on the steps you have to use to solve the problem. The feedback starts with the assumptions which is a better way to define the problem than feedback B. Feedback A is more in-depth than Feedback B.,2025-10-27 23:59:45
5b983d3ec13c142b,govind7,A > B,Helps me better understand the concept; Aligns better with my level of knowledge,2025-10-28 00:01:04
36e3936a86e11c5e,ckallok,A > B,Helps me better understand the concept; Other: The explanation is simpler. The feedback does not give any errors in my strategy used.,2025-10-28 00:02:37
48bce48f6f28a04c,fdettma,B > A,Helps me better understand the concept; Better explains the errors in my strategy,2025-10-28 00:03:29
4416aabd0638f211,boopathi,B > A,Helps me better understand the concept; Better explains the errors in my strategy; Aligns better with my level of knowledge,2025-10-28 00:05:10
22bfe7fdd592b0fe,combs99,B > A,Other: It is more readable; Feedback B is more straightforward and simple.,2025-10-28 00:09:43
5202c5c684e18113,knapaden,A > B,Helps me better understand the concept; Better explains the errors in my strategy,2025-10-28 00:10:36
27a43c9b2346ff70,lkadoura,A > B,"Helps me better understand the concept; Aligns better with my level of knowledge; Other: The feedback from A uses terms that aren't as confusing as feedback B. The punctuation in A is also easier to follow compared to B where the information is ""thrown"" at me.",2025-10-28 00:10:37
0bf64cdef43f5e9f,ntretter,B > A,Better explains the errors in my strategy,2025-10-28 00:11:03
083d56c7a6970b7a,gmenashe,A > B,Helps me better understand the concept; Better explains the errors in my strategy,2025-10-28 00:13:24
561bcc238de483f7,vaidya31,A > B,Helps me better understand the concept; Aligns better with my level of knowledge,2025-10-28 00:23:13
f9536afdcd72c7ec,anelli,B > A,Better explains the errors in my strategy; Other: It is more direct and has less fluff in it. So it was easier to parse for me.,2025-10-28 00:24:42
f9536afdcd72c7ec,anelli,B > A,Better explains the errors in my strategy; Other: It is more direct and has less fluff in it. So it was easier to parse for me.,2025-10-28 00:24:48
f9536afdcd72c7ec,anelli,B > A,Better explains the errors in my strategy; Other: It is more direct and has less fluff in it. So it was easier to parse for me.,2025-10-28 00:24:50
bc9e9eb0835bd5cc,saita,A > B,Helps me better understand the concept,2025-10-28 00:25:26
23637dac7f345711,park1975,A > B,Helps me better understand the concept,2025-10-28 00:25:55
013dd32ee264d3ac,kpanas,A > B,Helps me better understand the concept,2025-10-28 00:26:34
30c84500b422222a,tewani,A > B,Helps me better understand the concept; Better explains the errors in my strategy,2025-10-28 00:27:10
e698ac2d6a08bdfb,jmendie,A > B,Helps me better understand the concept; Better explains the errors in my strategy; Aligns better with my level of knowledge,2025-10-28 00:29:55
a649287a2d9abdd9,dhillonk,A > B,Helps me better understand the concept,2025-10-28 00:30:08
179ec582fdaad407,psangeer,B > A,Helps me better understand the concept; Aligns better with my level of knowledge,2025-10-28 00:30:38
c0842c1198ea0e3a,kgrassma,A > B,Helps me better understand the concept; Aligns better with my level of knowledge,2025-10-28 00:31:24
aeb9a419551ac320,smaneri,A > B,Helps me better understand the concept; Better explains the errors in my strategy; Aligns better with my level of knowledge,2025-10-28 00:31:58
ac608d08a4e09461,shar1222,A > B,Better explains the errors in my strategy,2025-10-28 00:32:52
aeb9a419551ac320,smaneri,A > B,Helps me better understand the concept; Better explains the errors in my strategy; Aligns better with my level of knowledge,2025-10-28 00:33:10
629012dd84343f88,benne431,A > B,Helps me better understand the concept,2025-10-28 00:33:25
3f32e9cfb68c1aa4,khan811,A > B,Helps me better understand the concept; Other: Breaks problem down to be more coherent.,2025-10-28 00:33:50
1d000692449dde4a,zoglesby,A > B,"Other: Explanation A is the same explanation I gave except more detailed and easier to read. When the explanation says to use the energy principle to setup the gravitational potential energy and kinetic energy as the energy of the system, with the work done by air resistance to be the surroundings. The way you would solve for the work of the air resistance in this case is by first ignoring it and converting all of the kinetic energy to get the theoretical gravitational potential energy if no air resistance was present. You would then compute the actual gravitation potential energy at the maximum height the ball achieves. You could then find the work done by air resistance by subtracting the actual gravitational potential energy from the theoretical gravitational potential energy. (W_surr = U_theoretical-U_actual). We are to assume the work done by air resistance is the same coming down, which means we can now convert the actual gravitational potential energy into kinetic energy and then subtract the value we got for W_surr from the kinetic energy to get the actual kinetic energy on the way down. We then simply plug in v = \sqrt(2KE/m)",2025-10-28 00:34:27
1d000692449dde4a,zoglesby,A > B,"Other: Explanation A is the same explanation I gave except more detailed and easier to read. When the explanation says to use the energy principle to setup the gravitational potential energy and kinetic energy as the energy of the system, with the work done by air resistance to be the surroundings. The way you would solve for the work of the air resistance in this case is by first ignoring it and converting all of the kinetic energy to get the theoretical gravitational potential energy if no air resistance was present. You would then compute the actual gravitation potential energy at the maximum height the ball achieves. You could then find the work done by air resistance by subtracting the actual gravitational potential energy from the theoretical gravitational potential energy. (W_surr = U_theoretical-U_actual). We are to assume the work done by air resistance is the same coming down, which means we can now convert the actual gravitational potential energy into kinetic energy and then subtract the value we got for W_surr from the kinetic energy to get the actual kinetic energy on the way down. We then simply plug in v = \sqrt(2KE/m)",2025-10-28 00:34:30
26d9bcae4cf71651,cdemete,A > B,Helps me better understand the concept; Aligns better with my level of knowledge,2025-10-28 00:34:51
8bc4bf9a41811dd7,su444,A > B,Helps me better understand the concept; Aligns better with my level of knowledge,2025-10-28 00:37:22
b961dd215628eff3,lawre131,A > B,Helps me better understand the concept; Better explains the errors in my strategy,2025-10-28 00:39:07
26cc181378b433c5,alexa400,A > B,Helps me better understand the concept; Aligns better with my level of knowledge,2025-10-28 00:39:44
3478d709b5bd23af,decker87,B > A,Helps me better understand the concept; Better explains the errors in my strategy,2025-10-28 00:39:49
b961dd215628eff3,lawre131,A > B,Helps me better understand the concept; Better explains the errors in my strategy,2025-10-28 00:40:16
60229b00076401a2,gray399,A > B,Helps me better understand the concept; Better explains the errors in my strategy,2025-10-28 00:40:17
c7b5ba96abf6fc6f,jpizana,A > B,Helps me better understand the concept; Aligns better with my level of knowledge,2025-10-28 00:41:34
60229b00076401a2,gray399,A > B,Helps me better understand the concept; Better explains the errors in my strategy,2025-10-28 00:41:37
bd8846194075684c,lgetche,B > A,"Other: Neither really help, they just restate how to solve the problem in slightly different ways. I don't know if each sentence is supposed to be a tip or a step in the solving process. I know what I'm doing so I don't think this helps me. B is better that A because the last sentence in A is unhelpful and misleading.",2025-10-28 00:41:47
19b723d73954ad05,yang3080,B > A,Helps me better understand the concept; Better explains the errors in my strategy,2025-10-28 00:41:49
c54ce4343fc481c6,torresur,A > B,"Helps me better understand the concept; Better explains the errors in my strategy; Aligns better with my level of knowledge; Other: Feedback A is better because the process it goes through is very detailed and is step by step. This makes it clear and easy to follow and does not leave any doubts, unlike Feedback B which left me a bit of doubts and assumptions.",2025-10-28 00:41:50
19b723d73954ad05,yang3080,B > A,Helps me better understand the concept; Better explains the errors in my strategy,2025-10-28 00:42:08
ac4e533f8ebbc129,cdeboda,B > A,Helps me better understand the concept; Better explains the errors in my strategy,2025-10-28 00:42:30
047f57c23c96fbef,ealemant,B > A,Helps me better understand the concept; Other: It makes the strategy more complete and organized,2025-10-28 00:43:13
ac4e533f8ebbc129,cdeboda,B > A,Helps me better understand the concept; Better explains the errors in my strategy,2025-10-28 00:43:18
dc7f9af58d8939b1,krish392,B > A,"Helps me better understand the concept; Better explains the errors in my strategy; Other: Fails to specifically tell me what I did wrong and generalizes a response. I would like it to more directly explain and affirm or deny what I said. However, it in general makes the problem easier to understand than feedback A since it first discusses seperating into upwards and downwards which is something I wasn't 100% sure I needed when taking the quiz.",2025-10-28 00:43:59
ac4e533f8ebbc129,cdeboda,B > A,"Helps me better understand the concept; Better explains the errors in my strategy; Other: Additionally, this response more simply explains the concepts without excess difficult or complicated jargon. It is easier of a response to understand and compare to my original.",2025-10-28 00:45:27
f3a1532bc9f5f0d4,livingsw,B > A,"Helps me better understand the concept; Better explains the errors in my strategy; Aligns better with my level of knowledge; Other: It explains it in a less academic, but more human and understandable way.",2025-10-28 00:45:33
9bd57edbd0908f40,clarke89,B > A,Helps me better understand the concept; Better explains the errors in my strategy,2025-10-28 00:45:48
bad04eab8c9eebcd,faulkne,B > A,Helps me better understand the concept,2025-10-28 00:46:29
bad04eab8c9eebcd,faulkne,B > A,Helps me better understand the concept,2025-10-28 00:46:52
5f0de0b306320e4d,trecheei,B > A,Helps me better understand the concept,2025-10-28 00:47:27
5f0de0b306320e4d,trecheei,B > A,Helps me better understand the concept,2025-10-28 00:47:44
f31c5d109b71f5ae,amineo,A > B,Helps me better understand the concept,2025-10-28 00:47:53
90aebdd18d9e5f1a,hmacey,A > B,Aligns better with my level of knowledge,2025-10-28 00:50:02
2b29f3b590486d8c,ohopf,B > A,"Other: It sounds like it is referring to my work instead of the problem in general. Also, it told me to be consistent with what my system is in both, but I clearly stated that the system is the ball and there was work done by gravity and didn't change my method. Everything else sounds fine and are little improvements I could've made.",2025-10-28 00:50:44
c7cf6f3efe9062f7,ovelasc,A > B,Helps me better understand the concept,2025-10-28 00:53:49
2602d8d6d4a033eb,nsabawi,B > A,Helps me better understand the concept; Better explains the errors in my strategy,2025-10-28 00:54:05
c7cf6f3efe9062f7,ovelasc,A > B,Helps me better understand the concept,2025-10-28 00:54:05
f07f031559d16f07,stauffe8,A > B,Helps me better understand the concept,2025-10-28 00:54:31
a42a41fab3023c5a,apersun,A > B,Helps me better understand the concept; Better explains the errors in my strategy,2025-10-28 00:55:01
929a7f992e6c93c7,aflessas,A > B,Helps me better understand the concept; Aligns better with my level of knowledge,2025-10-28 00:55:39
929a7f992e6c93c7,aflessas,A > B,Helps me better understand the concept; Aligns better with my level of knowledge,2025-10-28 00:55:48
a134e5cd82af7946,pham239,B > A,Better explains the errors in my strategy; Aligns better with my level of knowledge,2025-10-28 00:56:57
012da7c284031b5c,nguy1413,B > A,Other: It stated my strategy to solve the problem more clearly.,2025-10-28 00:57:30
a134e5cd82af7946,pham239,B > A,Better explains the errors in my strategy; Aligns better with my level of knowledge,2025-10-28 00:57:48
f07f031559d16f07,stauffe8,A > B,Helps me better understand the concept; Aligns better with my level of knowledge,2025-10-28 00:57:58
fb7e96598d811268,saxen150,B > A,Helps me better understand the concept; Better explains the errors in my strategy,2025-10-28 00:59:33
fb7e96598d811268,saxen150,B > A,Helps me better understand the concept; Better explains the errors in my strategy,2025-10-28 01:00:34
a30dff38b70cfef3,gamburg,A > B,Helps me better understand the concept; Aligns better with my level of knowledge,2025-10-28 01:02:45
187e25291e2b0375,bwiener,B > A,Helps me better understand the concept,2025-10-28 01:04:32
e06a0f1b6bf2eeec,lee5218,A > B,Helps me better understand the concept; Better explains the errors in my strategy,2025-10-28 01:04:44
4132f62b0a4f4ecb,hu1153,B > A,Helps me better understand the concept; Better explains the errors in my strategy; Aligns better with my level of knowledge; Other: More cohesive,2025-10-28 01:07:49
4ad5f60dd3e0f92f,heila,A > B,Helps me better understand the concept; Better explains the errors in my strategy,2025-10-28 01:08:07
c4aa337f0f8bf7be,cheng835,B > A,Helps me better understand the concept; Aligns better with my level of knowledge,2025-10-28 01:08:27
2fa49901f2e36ed7,vjagdon,B > A,Helps me better understand the concept; Aligns better with my level of knowledge,2025-10-28 01:10:16
100118d7ebeafa0f,farooq13,A > B,Helps me better understand the concept; Aligns better with my level of knowledge,2025-10-28 01:12:29
f7d4a059c69df38b,chen5686,B > A,Helps me better understand the concept; Aligns better with my level of knowledge,2025-10-28 01:15:37
51f62b5f428f4e34,zhan5150,A > B,Helps me better understand the concept; Aligns better with my level of knowledge,2025-10-28 01:18:44
748428a4d91230fa,chris548,B > A,Helps me better understand the concept; Aligns better with my level of knowledge,2025-10-28 01:21:51
3dcc6da2d43fd2d8,sraumber,A > B,Helps me better understand the concept; Better explains the errors in my strategy; Other: Option A was better at explaining how you need to split the problem up into 2.,2025-10-28 01:22:29
3dcc6da2d43fd2d8,sraumber,A > B,Helps me better understand the concept; Aligns better with my level of knowledge,2025-10-28 01:24:54
3b25acd13c0d8d92,westerf1,A > B,Helps me better understand the concept; Better explains the errors in my strategy,2025-10-28 01:27:53
3b25acd13c0d8d92,westerf1,A > B,Helps me better understand the concept; Better explains the errors in my strategy,2025-10-28 01:28:06
b6dad70e7e85139b,rcraddo,A > B,"Helps me better understand the concept; Aligns better with my level of knowledge; Other: I liked how it explained the problem in simpler terms, since it made the problem a lot easier to understand and fully wrap my head around.",2025-10-28 01:28:22
7b762ea9805f992d,kim5350,B > A,Better explains the errors in my strategy,2025-10-28 01:28:53
b2cfb4232d608aa2,hearn1,A > B,Helps me better understand the concept; Better explains the errors in my strategy,2025-10-28 01:28:55
e3e9e91dc1f4c4d4,amolenaa,A > B,Helps me better understand the concept; Better explains the errors in my strategy,2025-10-28 01:29:02
7ac95f8c558fbf34,bontim01,B > A,Better explains the errors in my strategy,2025-10-28 01:29:13
7b762ea9805f992d,kim5350,B > A,Better explains the errors in my strategy,2025-10-28 01:29:55
b2cfb4232d608aa2,hearn1,A > B,Helps me better understand the concept; Better explains the errors in my strategy,2025-10-28 01:29:56
100118d7ebeafa0f,farooq13,A > B,Helps me better understand the concept; Aligns better with my level of knowledge,2025-10-28 01:35:05
ded13ce01f9cdd6e,mkohlrie,A > B,Helps me better understand the concept,2025-10-28 01:35:21
d03e194bb6745b08,mathe177,A > B,"Helps me better understand the concept; Aligns better with my level of knowledge; Other: It's generally more understandable with human terminology and vocabulary, not bizarre technical jumble",2025-10-28 01:35:42
0b728f1941da0833,greenfi0,B > A,Helps me better understand the concept; Better explains the errors in my strategy,2025-10-28 01:37:08
ded13ce01f9cdd6e,mkohlrie,A > B,Helps me better understand the concept,2025-10-28 01:37:27
a27b6ed49bb91c24,quan24,B > A,Better explains the errors in my strategy,2025-10-28 01:39:00
a27b6ed49bb91c24,quan24,B > A,Better explains the errors in my strategy,2025-10-28 01:39:17
b99f3fa3b60001bd,coope568,A > B,Better explains the errors in my strategy; Aligns better with my level of knowledge; Other: The feedback in A gives me exact details for what I should have added. Feedback B felt like it just restated what was in the question and what I already knew.,2025-10-28 01:40:44
367af563745b528b,lzapasni,A > B,Aligns better with my level of knowledge; Other: I feel that feedback from A was more concise and straight to the point. For B it seems like it was trying to become my friend where I think AI should really just get to the point when I ask it to complete a clear goal like telling me what would be wrong with what I wrote. Now if I was to actually want an in depth explanation I can ask it to explain something to me in depth where I ask for specifically what I did right versus what I did wrong but for the most part I like my AI responses to be short and to the point.,2025-10-28 01:40:56
f648c5b80d275cbb,uaich,A > B,Helps me better understand the concept; Better explains the errors in my strategy,2025-10-28 01:41:56
34be20478b203858,alindne,B > A,Helps me better understand the concept; Better explains the errors in my strategy; Other: I don't think I need to include gravitational potential energy because the height from the initial state to the final state didn't change. I disagree with both models.,2025-10-28 01:42:35
34be20478b203858,alindne,B > A,Helps me better understand the concept; Better explains the errors in my strategy; Aligns better with my level of knowledge,2025-10-28 01:42:58
f9628b8eec73eee0,hnaikwad,A > B,Helps me better understand the concept; Aligns better with my level of knowledge,2025-10-28 01:43:10
f9628b8eec73eee0,hnaikwad,A > B,Helps me better understand the concept; Aligns better with my level of knowledge,2025-10-28 01:43:45
f9628b8eec73eee0,hnaikwad,A > B,Helps me better understand the concept; Aligns better with my level of knowledge,2025-10-28 01:44:04
e24f835ce37dd455,agolwala,A > B,Better explains the errors in my strategy,2025-10-28 01:44:13
0ae1fc0d66b5b26f,mpapez,A > B,Helps me better understand the concept,2025-10-28 01:45:03
66c3c7e384b38519,parnholt,B > A,Helps me better understand the concept; Better explains the errors in my strategy; Aligns better with my level of knowledge; Other: It was much more straightforward and got to the point quickly about what should improve/what must be done.,2025-10-28 01:46:02
3e20356f65b639ea,nmukesh,A > B,Helps me better understand the concept; Aligns better with my level of knowledge,2025-10-28 01:49:54
8fdb79f6c6f69778,ntemeles,B > A,Helps me better understand the concept; Aligns better with my level of knowledge; Other: Explains it in a way for people with less background in physics and is more simplified in thinking.,2025-10-28 01:50:06
2b97e6b4f2c4c956,chen5414,A > B,Helps me better understand the concept; Better explains the errors in my strategy; Aligns better with my level of knowledge,2025-10-28 01:50:36
de63b7f9aadf6117,nguy1044,A > B,Helps me better understand the concept; Better explains the errors in my strategy; Aligns better with my level of knowledge,2025-10-28 01:54:22
bfb7a4da812b75fb,chen5507,A > B,Better explains the errors in my strategy,2025-10-28 01:54:47
4c1a327e6ee6aeb5,mmelhemb,B > A,Helps me better understand the concept; Better explains the errors in my strategy,2025-10-28 01:56:19
bfb7a4da812b75fb,chen5507,A > B,Better explains the errors in my strategy,2025-10-28 01:56:34
f5dac0934bc9d019,ward423,A > B,Helps me better understand the concept; Better explains the errors in my strategy; Aligns better with my level of knowledge,2025-10-28 01:57:24
938edcb7251aa49e,jin578,B > A,Helps me better understand the concept,2025-10-28 01:57:39
b3593da0ed73593b,hazenm,B > A,"Helps me better understand the concept; Other: While Feedback A is more comprehensive, Feedback B provides a clearer suggested approach to the problem that is easier to follow than Feedback A. Feedback A makes more out of the concept than necessary and ultimately makes the problem feel more daunting to tackle than the explanation given by Feedback B. Feedback A claiming that I need to identify system and surroundings is redundant, as this is standard convention for any computational physics problem.",2025-10-28 01:59:06
b3593da0ed73593b,hazenm,B > A,"Helps me better understand the concept; Other: While Feedback A is more comprehensive, Feedback B provides a clearer suggested approach to the problem that is easier to follow than Feedback A. Feedback A makes more out of the concept than necessary and ultimately makes the problem feel more daunting to tackle than the explanation given by Feedback B. Feedback A claiming that I need to identify system and surroundings is redundant, as this is standard convention for any computational physics problem.",2025-10-28 01:59:11
ec92d065b6a796dc,thom1703,B > A,Helps me better understand the concept; Aligns better with my level of knowledge,2025-10-28 02:00:15
ec92d065b6a796dc,thom1703,B > A,Helps me better understand the concept; Aligns better with my level of knowledge,2025-10-28 02:00:18
dc32ffc50ba3170c,ssiddula,A > B,Helps me better understand the concept; Better explains the errors in my strategy,2025-10-28 02:01:32
dc32ffc50ba3170c,ssiddula,A > B,Helps me better understand the concept; Better explains the errors in my strategy,2025-10-28 02:01:47
f22d0911c8463b59,mclean24,B > A,Helps me better understand the concept; Better explains the errors in my strategy; Aligns better with my level of knowledge,2025-10-28 02:01:54
e8ed97bef61b55b8,couvdd01,A > B,Helps me better understand the concept,2025-10-28 02:01:54
5f975a54e21d9fab,shah1385,B > A,Helps me better understand the concept,2025-10-28 02:01:56
5f975a54e21d9fab,shah1385,B > A,Helps me better understand the concept,2025-10-28 02:02:12
d454ff6046ddf962,rodr1184,A > B,"Better explains the errors in my strategy; Other: I prefer Feedback A as it gives a more in depth explanation of how to improve my response. I like how it fully explains instead of giving just short, broad explanations. It also tells me what areas I have to improve rather than giving just a basis of the skeleton.",2025-10-28 02:04:27
64cb976369d024d0,ram16,B > A,Helps me better understand the concept; Better explains the errors in my strategy,2025-10-28 02:05:06
724b780890456dbc,roy293,B > A,Helps me better understand the concept; Aligns better with my level of knowledge,2025-10-28 02:05:12
64cb976369d024d0,ram16,B > A,Helps me better understand the concept; Better explains the errors in my strategy,2025-10-28 02:05:25
b114700833a0ca3d,crouch26,A > B,Helps me better understand the concept; Better explains the errors in my strategy; Aligns better with my level of knowledge,2025-10-28 02:06:44
43955f53b5e0fe90,rudins,B > A,"Helps me better understand the concept; Better explains the errors in my strategy; Other: A just restates the problem, while B explicitly tells me what is wrong in my solution.",2025-10-28 02:10:13
1779650a8758d6f2,agauer,B > A,Helps me better understand the concept; Better explains the errors in my strategy,2025-10-28 02:12:53
219269c138e190b1,wsuther,B > A,Helps me better understand the concept; Better explains the errors in my strategy; Aligns better with my level of knowledge,2025-10-28 02:13:11
3f0c47fdb915c70e,varga149,A > B,Helps me better understand the concept; Aligns better with my level of knowledge,2025-10-28 02:13:31
1779650a8758d6f2,agauer,B > A,Helps me better understand the concept; Better explains the errors in my strategy,2025-10-28 02:13:56
d2dd05b0645b6f84,ghosh196,B > A,Helps me better understand the concept; Aligns better with my level of knowledge,2025-10-28 02:14:04
7ce13be17db96f96,ashefter,A > B,Helps me better understand the concept; Aligns better with my level of knowledge,2025-10-28 02:14:29
f8fba48df3167d8a,bassi1,A > B,Better explains the errors in my strategy; Aligns better with my level of knowledge,2025-10-28 02:15:27
f8fba48df3167d8a,bassi1,A > B,Helps me better understand the concept; Better explains the errors in my strategy,2025-10-28 02:15:48
d75e6e6917e8b104,psliwa,B > A,"Helps me better understand the concept; Better explains the errors in my strategy; Other: It's much more descriptive of the issue and helps outline where I could've been clearer, and how the best answer could've been phrased.",2025-10-28 02:16:22
a42644720a7c3112,ande1711,A > B,Helps me better understand the concept; Aligns better with my level of knowledge,2025-10-28 02:16:37
756bf6cc0156276e,qphelan,B > A,Helps me better understand the concept; Aligns better with my level of knowledge; Other: The feedback is not really specific to my explanation but it was still helpful in learning the correct process to tackle this problem.,2025-10-28 02:17:53
b1c8d3bfc1577686,bnarcis,B > A,Other: States what I had in my essay more clearly and is easier to understand,2025-10-28 02:18:20
5420f2275747e340,query1,A > B,Helps me better understand the concept; Better explains the errors in my strategy,2025-10-28 02:19:02
b1c8d3bfc1577686,bnarcis,B > A,Helps me better understand the concept,2025-10-28 02:19:41
8dd5383f5b20731c,norman76,B > A,Aligns better with my level of knowledge,2025-10-28 02:23:30
19c2486fa99fa521,downs58,A > B,Helps me better understand the concept; Better explains the errors in my strategy,2025-10-28 02:24:17
33503b1ecc86901e,jbaeche,A > B,Helps me better understand the concept,2025-10-28 02:24:57
33503b1ecc86901e,jbaeche,A > B,Helps me better understand the concept,2025-10-28 02:25:06
64550ac14af34967,lawso170,A > B,"Better explains the errors in my strategy; Aligns better with my level of knowledge; Other: This response is more concise and allows me to understand what I could have done differently to get an even better response. Also, this criticism is easier to understand.",2025-10-28 02:25:55
0d1ee3dc3b38314d,burch28,A > B,Helps me better understand the concept; Better explains the errors in my strategy; Aligns better with my level of knowledge,2025-10-28 02:30:24
32f7c0d0dcfe09d9,john4145,B > A,Helps me better understand the concept,2025-10-28 02:30:58
f8403e32dfe208ba,jlockner,A > B,Helps me better understand the concept; Better explains the errors in my strategy,2025-10-28 02:31:52
2e03dd5514bebc09,bliss4,A > B,Helps me better understand the concept; Better explains the errors in my strategy; Aligns better with my level of knowledge,2025-10-28 02:35:14
962048c5ef56f2f8,galvinp,A > B,Helps me better understand the concept,2025-10-28 02:35:36
4dc6c14057d8f71e,franco42,A > B,Helps me better understand the concept; Better explains the errors in my strategy,2025-10-28 02:36:36
6feb842116a58a74,talatik,A > B,Helps me better understand the concept; Better explains the errors in my strategy,2025-10-28 02:37:21
98ab30d2ba41ce53,sagar8,A > B,"Helps me better understand the concept; Aligns better with my level of knowledge; Other: Feedback A makes much more sense than feedback B because it is much more simple. Feedback B uses too much jargon in its explanation by saying stuff such as ""nonconservative work"". Although, feedback B might be better for understanding every concept that goes into the problem, I like feedback A cause I can more easily understand what I did wrong.",2025-10-28 02:38:16
8d62355281bd18a3,dean131,B > A,Helps me better understand the concept; Better explains the errors in my strategy,2025-10-28 02:38:19
eb67e0c29bc9c414,rughetta,A > B,Helps me better understand the concept,2025-10-28 02:39:11
36c800acc3ef13ea,blank15,A > B,Helps me better understand the concept; Better explains the errors in my strategy,2025-10-28 02:39:55
72850bd74e7d3fdb,sing2138,A > B,Helps me better understand the concept; Aligns better with my level of knowledge,2025-10-28 02:41:25
444b3d24b4cbb269,tshyshko,A > B,Better explains the errors in my strategy,2025-10-28 02:45:11
a519e0737f0f6eb3,ssawrey,B > A,Helps me better understand the concept; Better explains the errors in my strategy,2025-10-28 02:46:05
a519e0737f0f6eb3,ssawrey,B > A,Helps me better understand the concept; Better explains the errors in my strategy,2025-10-28 02:46:40
33ce98897b599c98,llovechi,B > A,Helps me better understand the concept; Better explains the errors in my strategy,2025-10-28 02:51:02
852245b033bf89d8,jjongsm,B > A,Helps me better understand the concept; Better explains the errors in my strategy,2025-10-28 02:53:13
852245b033bf89d8,jjongsm,B > A,Helps me better understand the concept; Better explains the errors in my strategy,2025-10-28 02:53:40
d10820df4f4f88d4,akuriak,B > A,Helps me better understand the concept; Aligns better with my level of knowledge,2025-10-28 02:53:46
d10820df4f4f88d4,akuriak,B > A,Helps me better understand the concept; Aligns better with my level of knowledge,2025-10-28 02:54:05
1b0aee8a32d8887b,zhon,A > B,Helps me better understand the concept; Aligns better with my level of knowledge,2025-10-28 02:55:08
1b0aee8a32d8887b,zhon,A > B,Helps me better understand the concept; Aligns better with my level of knowledge,2025-10-28 02:55:46
89258678e1ed609d,sabiodun,A > B,Helps me better understand the concept; Better explains the errors in my strategy; Aligns better with my level of knowledge,2025-10-28 02:57:13
97452c70cb97256e,jisacson,A > B,"Helps me better understand the concept; Other: Overall, I thought this was a more intuitive response to my thought process. It followed how I thought through the problem and gave me the same answer I had. Not to say B was bad, but A just seemed more through",2025-10-28 02:57:16
4acd29444c275bf9,sikora2,A > B,Helps me better understand the concept; Better explains the errors in my strategy,2025-10-28 02:57:23
8dfed6af68278471,lbakkhan,A > B,Helps me better understand the concept; Aligns better with my level of knowledge,2025-10-28 02:57:39
89258678e1ed609d,sabiodun,A > B,Helps me better understand the concept; Better explains the errors in my strategy; Aligns better with my level of knowledge,2025-10-28 02:57:41
3537889214871e81,tgurthy,B > A,Helps me better understand the concept; Aligns better with my level of knowledge,2025-10-28 02:57:51
89258678e1ed609d,sabiodun,A > B,"Helps me better understand the concept; Better explains the errors in my strategy; Aligns better with my level of knowledge; Other: Feedback A gave me direct and specific instructions on how I could fix my response, it specifies the parts I could improve. Feedback B seems to be generalizing and just giving me a summary on how to do it without referencing my work. Because of this, I feelI could improve most from the Feedback A as it is much more direct and specific.",2025-10-28 02:59:40
276af1f8c7c6993b,black308,B > A,Helps me better understand the concept,2025-10-28 03:03:59
49c1fb2c8a568fa5,odle9,A > B,Helps me better understand the concept; Other: It explains it simply but still explains it very well without including too much that makes it confusing.,2025-10-28 03:04:06
8abac747ac167ab3,zbraland,B > A,Helps me better understand the concept,2025-10-28 03:04:29
743f16bb2d211d88,beugenio,A > B,Aligns better with my level of knowledge; Other: I think Feedback A is more detailed and explicitly states how to answer the question better than Feedback B.,2025-10-28 03:05:14
d1edd5108ffa47cc,mauryas,A > B,Helps me better understand the concept; Better explains the errors in my strategy; Aligns better with my level of knowledge,2025-10-28 03:05:38
f8403e32dfe208ba,jlockner,A > B,Helps me better understand the concept; Better explains the errors in my strategy,2025-10-28 03:05:41
d41f5d894bb29a53,hsu382,B > A,"Helps me better understand the concept; Other: The feedback is more clear. The other feedback also technically makes sense, only utilizing more specific vocabulary to describe the situation. However, in practice it can be much more confusing for no good reason, whereas B does just as clear of a job to convey exactly what the question was really looking for and how to approach it, by splitting up the motion and the assumptions to make.",2025-10-28 03:06:00
0c2f211c694ef981,jalarcon,B > A,Helps me better understand the concept; Aligns better with my level of knowledge,2025-10-28 03:06:36
0c2f211c694ef981,jalarcon,B > A,Helps me better understand the concept; Aligns better with my level of knowledge,2025-10-28 03:06:49
f8403e32dfe208ba,jlockner,A > B,Helps me better understand the concept; Better explains the errors in my strategy,2025-10-28 03:06:50
97bd8d3537930c99,bui75,A > B,Helps me better understand the concept; Aligns better with my level of knowledge,2025-10-28 03:07:43
97bd8d3537930c99,bui75,A > B,Helps me better understand the concept; Aligns better with my level of knowledge,2025-10-28 03:09:02
e1510596cc821ed4,moats0,B > A,Helps me better understand the concept; Better explains the errors in my strategy,2025-10-28 03:09:54
ed7fa78041687559,huan2319,B > A,Helps me better understand the concept,2025-10-28 03:10:08
ed7fa78041687559,huan2319,B > A,Helps me better understand the concept,2025-10-28 03:10:30
a148dc0a51e221a6,zhan5644,B > A,Helps me better understand the concept,2025-10-28 03:12:10
bc3ee84e1bc75058,wei522,B > A,Helps me better understand the concept; Better explains the errors in my strategy,2025-10-28 03:12:37
9b3700175116080a,ugill,B > A,Helps me better understand the concept; Better explains the errors in my strategy; Aligns better with my level of knowledge,2025-10-28 03:13:19
9f2d0311a62b4e14,ju52,A > B,Better explains the errors in my strategy,2025-10-28 03:13:56
f60df59d052db491,aewbank,B > A,Helps me better understand the concept; Aligns better with my level of knowledge; Other: This feedback explains the topic in basic terms rather than complicated terms. It uses simple knowledge of basic physics to help you better understand what is happening in the problem.,2025-10-28 03:13:59
2f2cfba464d3403e,rrajabal,B > A,Helps me better understand the concept; Better explains the errors in my strategy; Aligns better with my level of knowledge,2025-10-28 03:17:03
ee5b5ae36a465add,narzuman,A > B,Helps me better understand the concept; Aligns better with my level of knowledge,2025-10-28 03:18:29
7313a5946339ef26,ju51,A > B,Helps me better understand the concept; Better explains the errors in my strategy,2025-10-28 03:19:37
8af561ba7326387f,mbanka,A > B,Better explains the errors in my strategy,2025-10-28 03:21:59
4b7c41eec9218ce7,gibbon21,B > A,Aligns better with my level of knowledge,2025-10-28 03:22:00
84ce1229008cb1e9,luo608,A > B,Helps me better understand the concept,2025-10-28 03:22:00
55cbbf14ed4db8ed,kbrobenf,B > A,Helps me better understand the concept; Better explains the errors in my strategy,2025-10-28 03:22:12
84ce1229008cb1e9,luo608,A > B,Helps me better understand the concept,2025-10-28 03:22:15
8af561ba7326387f,mbanka,A > B,Better explains the errors in my strategy,2025-10-28 03:22:18
55cbbf14ed4db8ed,kbrobenf,B > A,Helps me better understand the concept; Better explains the errors in my strategy,2025-10-28 03:23:29
9d02529fde267b3b,akaechel,A > B,"Aligns better with my level of knowledge; Other: I find that feedback A is more specific with terms related to our course. Feedback B is similar but much more general in its approach, thus the oversimplification could be misleading. I don't find that feedback A could be misleading at all and reflects my answer.",2025-10-28 03:24:18
04b668779ae0309f,amalong,A > B,Aligns better with my level of knowledge; Other: I did spend a lot of time writing so much when some of the things I said could have been summarized like in the feedback response. it's a short writing piece but still fully answers the question.,2025-10-28 03:24:40
d85dbf6bfe60e4bc,diwanr,B > A,"Helps me better understand the concept; Better explains the errors in my strategy; Other: The feedback B actually points out my mistake, which was that I assumed work by air resistance on the way up cancelled work by air resistance on the way down. It explained why this was wrong and showed my how I can correctly solve it by splitting the problem in 2 parts. Feedback A attempts that, but it didn't really make clear what I messed up.",2025-10-28 03:25:16
6c537c5264a951a0,knakason,B > A,"Helps me better understand the concept; Other: The feedback is more specific, and therefore easier to understand.",2025-10-28 03:25:45
800f1a23c7983dd6,yadav167,A > B,Helps me better understand the concept; Better explains the errors in my strategy,2025-10-28 03:26:32
e29c524eba6f4fb5,ahadden,B > A,Better explains the errors in my strategy,2025-10-28 03:26:41
800f1a23c7983dd6,yadav167,A > B,"Helps me better understand the concept; Better explains the errors in my strategy; Other: Provides a clear plan to solve the problem giving a step by step method, which helps me better understand how I can solve my problem more efficiently and what to do when I am stuck.",2025-10-28 03:27:35
4b64c2391219dea5,wiegmann,B > A,Helps me better understand the concept; Better explains the errors in my strategy; Aligns better with my level of knowledge,2025-10-28 03:28:08
6552d80cdfb24018,shephe79,B > A,Helps me better understand the concept; Aligns better with my level of knowledge,2025-10-28 03:28:20
6552d80cdfb24018,shephe79,B > A,Helps me better understand the concept; Aligns better with my level of knowledge,2025-10-28 03:29:22
c95c7b48f3fbfd6a,hu1149,A > B,Helps me better understand the concept,2025-10-28 03:29:27
63006fe6f9b46a8f,brow3064,B > A,Helps me better understand the concept; Better explains the errors in my strategy,2025-10-28 03:29:43
c95c7b48f3fbfd6a,hu1149,A > B,Helps me better understand the concept,2025-10-28 03:29:47
94758a491a4bfcee,jone2775,B > A,Helps me better understand the concept,2025-10-28 03:30:42
d172492b34015caa,pate2702,A > B,Helps me better understand the concept; Aligns better with my level of knowledge,2025-10-28 03:32:54
d172492b34015caa,pate2702,A > B,Helps me better understand the concept; Aligns better with my level of knowledge,2025-10-28 03:33:18
b7440d4b0329e447,dkalan,B > A,Helps me better understand the concept; Aligns better with my level of knowledge,2025-10-28 03:34:31
b7440d4b0329e447,dkalan,B > A,Helps me better understand the concept; Aligns better with my level of knowledge,2025-10-28 03:34:37
b7440d4b0329e447,dkalan,B > A,Helps me better understand the concept; Aligns better with my level of knowledge,2025-10-28 03:34:49
538f0851fe5d7fb0,jmeleshk,A > B,Helps me better understand the concept; Better explains the errors in my strategy; Aligns better with my level of knowledge,2025-10-28 03:36:09
4fa8a38b4121e075,twardlo,B > A,"Other: All three of these options are true, however I think the organization of this answer is better, and follows how I break down and understand the problems. I don't think either response however highlights any way to improve or correct my response, both simply explain one way it can be solved. I don't feel either is personalized, and I think that even a sub-par personalized piece of feedback would be better. I would prefer an answer that says something like, your answer using displacement is sufficient, more explanation was unneeded, would be better than simply describing a similar method, like both options A and B are. That being said option B is the better of the two.",2025-10-28 03:36:46
4fa8a38b4121e075,twardlo,B > A,"Other: All three of these options are true, however I think the organization of this answer is better, and follows how I break down and understand the problems. I don't think either response however highlights any way to improve or correct my response, both simply explain one way it can be solved. I don't feel either is personalized, and I think that even a sub-par personalized piece of feedback would be better. I would prefer an answer that says something like, your answer using displacement is sufficient, more explanation was unneeded, would be better than simply describing a similar method, like both options A and B are. That being said option B is the better of the two.",2025-10-28 03:36:56
7fb470fb3ea78c36,asara,B > A,Helps me better understand the concept; Aligns better with my level of knowledge,2025-10-28 03:37:05
587f870d66f23831,olsen67,A > B,"Better explains the errors in my strategy; Other: Feedback A did a good job of reinforcing what I got right and telling me what about my work needs to be different in order for me to properly solve the problem. Feedback B on the other hand doesn't even sound like it was given my work, it only tells me how to solve the problem.",2025-10-28 03:37:20
d3bafec3c6736cac,lu1232,A > B,Better explains the errors in my strategy,2025-10-28 03:38:45
d3bafec3c6736cac,lu1232,A > B,Better explains the errors in my strategy,2025-10-28 03:39:00
858c3a6b5ee987c0,lee5702,A > B,Better explains the errors in my strategy,2025-10-28 03:40:00
858c3a6b5ee987c0,lee5702,A > B,Better explains the errors in my strategy,2025-10-28 03:40:06
858c3a6b5ee987c0,lee5702,A > B,Better explains the errors in my strategy,2025-10-28 03:40:17
a441e92ff1c19bd9,benne398,B > A,Helps me better understand the concept; Better explains the errors in my strategy,2025-10-28 03:40:48
913b4f3d80d0b6c0,bsussex,A > B,Helps me better understand the concept; Better explains the errors in my strategy; Aligns better with my level of knowledge,2025-10-28 03:40:48
df8421bb537efbc7,higbieg,A > B,Better explains the errors in my strategy,2025-10-28 03:41:03
913b4f3d80d0b6c0,bsussex,A > B,Helps me better understand the concept; Better explains the errors in my strategy; Aligns better with my level of knowledge,2025-10-28 03:41:14
c82fc99939d7070c,sbelgaum,B > A,Helps me better understand the concept; Better explains the errors in my strategy; Aligns better with my level of knowledge,2025-10-28 03:43:46
fb1fda55be069578,carpe283,B > A,Better explains the errors in my strategy; Aligns better with my level of knowledge,2025-10-28 03:45:48
6c509cadf2ef947f,stamaran,B > A,Helps me better understand the concept,2025-10-28 03:46:59
50096c9b0006bd4a,jwondaa,B > A,Helps me better understand the concept; Aligns better with my level of knowledge,2025-10-28 03:50:01
3587b680b32ff885,jsatrian,B > A,Helps me better understand the concept; Better explains the errors in my strategy,2025-10-28 03:50:39
50096c9b0006bd4a,jwondaa,B > A,Helps me better understand the concept; Aligns better with my level of knowledge,2025-10-28 03:50:58
ead3bfe4a0ba8a11,hodgsond,B > A,Helps me better understand the concept; Aligns better with my level of knowledge,2025-10-28 03:52:44
78844fd81c1e4568,gibbon17,A > B,Helps me better understand the concept; Better explains the errors in my strategy,2025-10-28 03:55:32
4bab9add95dd5bf8,mvrba,A > B,Helps me better understand the concept,2025-10-28 03:59:21
4bab9add95dd5bf8,mvrba,A > B,Helps me better understand the concept,2025-10-28 03:59:38
c2259b35a2cb402e,kishors,A > B,Helps me better understand the concept; Better explains the errors in my strategy,2025-10-28 04:07:46
c261f355faac4396,frank160,B > A,Helps me better understand the concept; Aligns better with my level of knowledge,2025-10-28 04:32:51
5d76242899cf63cd,dsundy,B > A,Better explains the errors in my strategy,2025-10-28 11:45:26
6cfc571acde97e05,ebalci,A > B,Other: Mentions that the work done by gravity is negative. Alltogether though not particularly useful since it does not seem to add anything to my response.,2025-10-28 13:11:29
78e9b8812ad47cda,waltec01,B > A,Helps me better understand the concept; Better explains the errors in my strategy; Aligns better with my level of knowledge,2025-10-28 14:45:22
78e9b8812ad47cda,waltec01,B > A,Helps me better understand the concept; Better explains the errors in my strategy; Aligns better with my level of knowledge,2025-10-28 14:45:43
cb9ade13b921f884,nguy1420,A > B,Helps me better understand the concept; Better explains the errors in my strategy; Aligns better with my level of knowledge,2025-10-28 14:47:40
cb9ade13b921f884,nguy1420,A > B,Helps me better understand the concept; Better explains the errors in my strategy,2025-10-28 14:47:48
2f3bb35e89ca4f23,hillman2,B > A,Helps me better understand the concept; Better explains the errors in my strategy,2025-10-28 21:30:15
54b6dd2bad3ff755,liu4600,B > A,Helps me better understand the concept; Aligns better with my level of knowledge,2025-10-28 22:44:37
20f37e51b01afe0d,sviveka,B > A,Helps me better understand the concept; Better explains the errors in my strategy; Aligns better with my level of knowledge,2025-10-30 15:37:24
